CREATE DATABASE  IF NOT EXISTS `fooddb` /*!40100 DEFAULT CHARACTER SET utf8mb3 COLLATE utf8mb3_unicode_ci */ /*!80016 DEFAULT ENCRYPTION='N' */;
USE `fooddb`;
-- MySQL dump 10.13  Distrib 8.0.34, for Win64 (x86_64)
--
-- Host: localhost    Database: fooddb
-- ------------------------------------------------------
-- Server version	8.2.0

/*!40101 SET @OLD_CHARACTER_SET_CLIENT=@@CHARACTER_SET_CLIENT */;
/*!40101 SET @OLD_CHARACTER_SET_RESULTS=@@CHARACTER_SET_RESULTS */;
/*!40101 SET @OLD_COLLATION_CONNECTION=@@COLLATION_CONNECTION */;
/*!50503 SET NAMES utf8 */;
/*!40103 SET @OLD_TIME_ZONE=@@TIME_ZONE */;
/*!40103 SET TIME_ZONE='+00:00' */;
/*!40014 SET @OLD_UNIQUE_CHECKS=@@UNIQUE_CHECKS, UNIQUE_CHECKS=0 */;
/*!40014 SET @OLD_FOREIGN_KEY_CHECKS=@@FOREIGN_KEY_CHECKS, FOREIGN_KEY_CHECKS=0 */;
/*!40101 SET @OLD_SQL_MODE=@@SQL_MODE, SQL_MODE='NO_AUTO_VALUE_ON_ZERO' */;
/*!40111 SET @OLD_SQL_NOTES=@@SQL_NOTES, SQL_NOTES=0 */;

--
-- Table structure for table `follows`
--

DROP TABLE IF EXISTS `follows`;
/*!40101 SET @saved_cs_client     = @@character_set_client */;
/*!50503 SET character_set_client = utf8mb4 */;
CREATE TABLE `follows` (
  `follow_id` int NOT NULL,
  `user_id` int DEFAULT NULL,
  `store_id` int DEFAULT NULL,
  `follow_date` timestamp NULL DEFAULT CURRENT_TIMESTAMP,
  PRIMARY KEY (`follow_id`),
  KEY `user_id` (`user_id`),
  KEY `store_id` (`store_id`),
  CONSTRAINT `follows_ibfk_1` FOREIGN KEY (`user_id`) REFERENCES `users` (`user_id`),
  CONSTRAINT `follows_ibfk_2` FOREIGN KEY (`store_id`) REFERENCES `stores` (`store_id`)
) ENGINE=InnoDB DEFAULT CHARSET=utf8mb4 COLLATE=utf8mb4_0900_ai_ci;
/*!40101 SET character_set_client = @saved_cs_client */;

--
-- Dumping data for table `follows`
--

LOCK TABLES `follows` WRITE;
/*!40000 ALTER TABLE `follows` DISABLE KEYS */;
/*!40000 ALTER TABLE `follows` ENABLE KEYS */;
UNLOCK TABLES;

--
-- Table structure for table `foods`
--

DROP TABLE IF EXISTS `foods`;
/*!40101 SET @saved_cs_client     = @@character_set_client */;
/*!50503 SET character_set_client = utf8mb4 */;
CREATE TABLE `foods` (
  `food_id` int NOT NULL AUTO_INCREMENT,
  `menu_id` int DEFAULT NULL,
  `store_id` int DEFAULT NULL,
  `name` varchar(100) NOT NULL,
  `imgfood` varchar(255) NOT NULL,
  `price` decimal(10,2) NOT NULL,
  `food_type` varchar(50) DEFAULT NULL,
  `status` varchar(50) NOT NULL,
  PRIMARY KEY (`food_id`),
  KEY `menu_id` (`menu_id`),
  KEY `foods_ibfk_2` (`store_id`),
  CONSTRAINT `foods_ibfk_1` FOREIGN KEY (`menu_id`) REFERENCES `menus` (`menu_id`),
  CONSTRAINT `foods_ibfk_2` FOREIGN KEY (`store_id`) REFERENCES `stores` (`store_id`)
) ENGINE=InnoDB AUTO_INCREMENT=222 DEFAULT CHARSET=utf8mb4 COLLATE=utf8mb4_0900_ai_ci;
/*!40101 SET character_set_client = @saved_cs_client */;

--
-- Dumping data for table `foods`
--

LOCK TABLES `foods` WRITE;
/*!40000 ALTER TABLE `foods` DISABLE KEYS */;
INSERT INTO `foods` VALUES (1,NULL,1,'Cháo ếch ít cay','https://res.cloudinary.com/dh8iyyll9/image/upload/v1694349568/ms7wnhpmufriaiaebxyi.jpg',65000.00,'Đồ Ăn','Có sẵn'),(2,NULL,2,'Cháo ếch nhiều ếch','https://res.cloudinary.com/dh8iyyll9/image/upload/v1694349568/ms7wnhpmufriaiaebxyi.jpg',65000.00,'Đồ Ăn','Hết hàng'),(3,NULL,3,'Cháo ếch ít cay','https://res.cloudinary.com/dh8iyyll9/image/upload/v1694349568/ms7wnhpmufriaiaebxyi.jpg',65000.00,'Đồ Ăn','Hết hàng'),(4,NULL,4,'Cháo ếch nhiều ếch','https://res.cloudinary.com/dh8iyyll9/image/upload/v1694349568/ms7wnhpmufriaiaebxyi.jpg',65000.00,'Đồ Ăn','Hết hàng'),(5,NULL,5,'Cháo ếch ít cay','https://res.cloudinary.com/dh8iyyll9/image/upload/v1694349568/ms7wnhpmufriaiaebxyi.jpg',65000.00,'Đồ Ăn','Hết hàng'),(6,NULL,6,'Cháo ếch nhiều ếch','https://res.cloudinary.com/dh8iyyll9/image/upload/v1694349568/ms7wnhpmufriaiaebxyi.jpg',65000.00,'Đồ Ăn','Hết hàng'),(7,NULL,7,'Cháo ếch ít cay','https://res.cloudinary.com/dh8iyyll9/image/upload/v1694349568/ms7wnhpmufriaiaebxyi.jpg',65000.00,'Đồ Ăn','Hết hàng'),(8,NULL,8,'Cháo ếch nhiều ếch','https://res.cloudinary.com/dh8iyyll9/image/upload/v1694349568/ms7wnhpmufriaiaebxyi.jpg',65000.00,'Đồ Ăn','Hết hàng'),(9,NULL,4,'Cơm Trộn Bò Bulgogi','https://res.cloudinary.com/dh8iyyll9/image/upload/v1694347758/oiokd70nuikv5jiy2fkr.jpg',65000.00,'Đồ uống','Có sẵn'),(10,NULL,4,'Cơm Thăn Heo Rán Giòn','https://res.cloudinary.com/dh8iyyll9/image/upload/v1694349485/nmhidkrj30e165rugea7.jpg',65000.00,'Đồ ăn','Có sẵn'),(11,NULL,5,'Cháo ếch 2 con','https://res.cloudinary.com/dh8iyyll9/image/upload/v1694349568/ms7wnhpmufriaiaebxyi.jpg',89000.00,'Đồ ăn','Có sẵn'),(12,NULL,6,'Trà Sữa Truyền Thống Trân Châu (Size 700ml)','https://res.cloudinary.com/dh8iyyll9/image/upload/v1694349658/sgimpofnxcv8fnqtsyti.jpg',22000.00,'Đồ uống','Có sẵn'),(13,NULL,3,'Cơm cánh gà nướng','https://res.cloudinary.com/dh8iyyll9/image/upload/v1694349766/hg4hnmrjqjxqej2att5g.jpg',79000.00,'Đồ ăn','Có sẵn'),(14,NULL,1,'Bánh Mì Chả Cá','https://res.cloudinary.com/dh8iyyll9/image/upload/v1694349869/myhu3fd0kdtdw4hpthcc.jpg',22000.00,'Đồ ăn','Có sẵn'),(15,NULL,4,'Cháo ếch 2 con','https://res.cloudinary.com/dh8iyyll9/image/upload/v1694353786/rqdbfxbvga96djqlkzjs.jpg',89000.00,'Đồ ăn','Có sẵn'),(16,NULL,6,'sinh tố lúa mực','https://res.cloudinary.com/dh8iyyll9/image/upload/v1698956942/zqlxqedlz86gntvkrzc2.jpg',22092002.00,'Đồ uống','Có sẵn'),(17,NULL,6,'sinh tố lúa mực','https://res.cloudinary.com/dh8iyyll9/image/upload/v1699269554/memevjhtjcsgbqcacbh7.jpg',22092002.00,'Đồ uống','Có sẵn'),(18,NULL,6,'sinh tố lúa gạo','https://res.cloudinary.com/dh8iyyll9/image/upload/v1699279037/il4suzrvbo9geveja50j.jpg',22092002.00,'Đồ uống','Có sẵn'),(19,NULL,13,'Mì hải sản ','https://res.cloudinary.com/dh8iyyll9/image/upload/v1699523516/y8t3tffrcwrhst5ndobb.jpg',54000.00,'Đồ ăn','Có sẵn'),(20,NULL,13,'Mì bò ','https://res.cloudinary.com/dh8iyyll9/image/upload/v1699523540/ph9aio08ixz34pfdv65q.png',65000.00,'Đồ ăn','Có sẵn'),(21,NULL,13,'Mì cá pasa','https://res.cloudinary.com/dh8iyyll9/image/upload/v1699523570/zbvrgjvwq6svonbrje7n.jpg',59000.00,'Đồ ăn','Cháy hàng'),(22,NULL,14,'Bò Tơ tròn','https://res.cloudinary.com/dh8iyyll9/image/upload/v1699525484/jvo1g3omfzaprb1e2gsq.jpg',120000.00,'Đồ ăn','Có sẵn'),(23,NULL,14,'Bò Tơ cuộn','https://res.cloudinary.com/dh8iyyll9/image/upload/v1699525506/qdz9eksszx6h68lqqptu.jpg',110000.00,'Đồ ăn','Có sẵn'),(24,NULL,14,'Bò tảng','https://res.cloudinary.com/dh8iyyll9/image/upload/v1699525530/ij5mn5msgssxvgu4ktpz.jpg',140000.00,'Đồ ăn','Có sẵn'),(25,NULL,14,'Bò tơ miếng','https://res.cloudinary.com/dh8iyyll9/image/upload/v1699525665/eqhessvgbklbp9xbkzan.jpg',250000.00,'Đồ ăn','Có sẵn'),(26,NULL,14,'Bò tơ ngon','https://res.cloudinary.com/dh8iyyll9/image/upload/v1699525696/saj9yajjlimxljaqs0t5.jpg',600000.00,'Đồ ăn','cháy hàng'),(27,NULL,15,'bánh tráng thập cẩm','https://res.cloudinary.com/dh8iyyll9/image/upload/v1699526063/eh2fhdams7pigzozxzpg.jpg',15000.00,'Đồ ăn','Có sẵn'),(28,NULL,15,'bánh tráng cuốn','https://res.cloudinary.com/dh8iyyll9/image/upload/v1699526106/iqil809d2il4kjb5kuux.jpg',25000.00,'Đồ ăn','Có sẵn'),(29,NULL,15,'Bánh tráng mỡ hành','https://res.cloudinary.com/dh8iyyll9/image/upload/v1699526191/e3hznhtsu7vrkw7czmib.jpg',25000.00,'Đồ ăn','Có sẵn'),(30,NULL,15,'bánh tráng thập cẩm','https://res.cloudinary.com/dh8iyyll9/image/upload/v1699526220/odtv9mvahsiudz3zygpp.jpg',50000.00,'Đồ ăn','Có sẵn'),(31,NULL,16,'Mì gà quay','https://res.cloudinary.com/dh8iyyll9/image/upload/v1699526379/uqodvzjcxf7ymwwpqmip.jpg',50000.00,'Đồ ăn','Có sẵn'),(32,NULL,16,'Mì gà tiềm','https://res.cloudinary.com/dh8iyyll9/image/upload/v1699526400/zcltwotybusi4nihsznh.jpg',65000.00,'Đồ ăn','Có sẵn'),(33,NULL,16,'Mì gà xé','https://res.cloudinary.com/dh8iyyll9/image/upload/v1699526424/kv6hf7x1pvjonh5skftz.jpg',50000.00,'Đồ ăn','Có sẵn'),(34,NULL,2,'Trà sữa đậu đỏ','https://res.cloudinary.com/dh8iyyll9/image/upload/v1699526498/fyhw4iggkj2ybqnnto7c.jpg',45000.00,'Đồ uống','Có sẵn'),(35,NULL,2,'Trà sữa trân châu','https://res.cloudinary.com/dh8iyyll9/image/upload/v1699526518/n11yas702qnp0jgkj2al.png',30000.00,'Đồ uống','Có sẵn'),(36,NULL,5,'cháo ếch nhiều ếch','https://res.cloudinary.com/dh8iyyll9/image/upload/v1699526573/kqmndfxjkbve9stwlgxi.jpg',60000.00,'Đồ ăn','Có sẵn'),(37,NULL,17,'Cà phê sữa','https://res.cloudinary.com/dh8iyyll9/image/upload/v1699526745/htvefcjhdagwwzzawbw3.png',50000.00,'Đồ uống','Có sẵn'),(38,NULL,17,'Trà Vải','https://res.cloudinary.com/dh8iyyll9/image/upload/v1699526768/otyyw8evthqubbgsgc83.png',60000.00,'Đồ uống','Có sẵn'),(39,NULL,17,'Trà kem sữa','https://res.cloudinary.com/dh8iyyll9/image/upload/v1699526794/a76a5bbhukfvjfs3fbhk.jpg',70000.00,'Đồ uống','Có sẵn'),(40,NULL,19,'Cà phê Sữa','https://res.cloudinary.com/dh8iyyll9/image/upload/v1699527333/dzcwov6r564dwxpzruns.jpg',25000.00,'Đồ uống','Có sẵn'),(41,NULL,19,'Cà phê đen','https://res.cloudinary.com/dh8iyyll9/image/upload/v1699527354/cfbnjduhaaujnipgrpaj.webp',20000.00,'Đồ uống','Có sẵn'),(42,NULL,19,'Cà phê đá','https://res.cloudinary.com/dh8iyyll9/image/upload/v1699527385/qlrmtdl5ycda3jtvrxnf.jpg',25000.00,'Đồ uống','Có sẵn'),(43,NULL,18,'Cà phê sữa','https://res.cloudinary.com/dh8iyyll9/image/upload/v1699527463/peb2aratxcmtdadf0hkh.jpg',25000.00,'Đồ uống','Có sẵn'),(44,NULL,18,'Cà phê đen','https://res.cloudinary.com/dh8iyyll9/image/upload/v1699527481/b2oulk6qhwbmppaj3fnb.jpg',25000.00,'Đồ uống','Có sẵn'),(45,NULL,18,'Cà phê đá','https://res.cloudinary.com/dh8iyyll9/image/upload/v1699527502/oaklur5rgfonchbo9ndw.jpg',15000.00,'Đồ uống','Có sẵn'),(46,NULL,20,'Cá Nướng ','https://res.cloudinary.com/dh8iyyll9/image/upload/v1699527680/pp8ujmkvfnzyqmqndgvf.png',70000.00,'Đồ ăn','Có sẵn'),(47,NULL,20,'Set đồ ăn','https://res.cloudinary.com/dh8iyyll9/image/upload/v1699527702/femfycauzgoqdbxn3bgj.jpg',700000.00,'Đồ ăn','Có sẵn'),(48,NULL,20,'Gỏi đủ loại','https://res.cloudinary.com/dh8iyyll9/image/upload/v1699527726/nsydxox99oda7z2iejpr.png',150000.00,'Đồ ăn','Có sẵn'),(49,NULL,17,'Gỏi gà 5 vị','https://res.cloudinary.com/dh8iyyll9/image/upload/v1700993084/fytwzdbousqqjunh4xjf.jpg',300000.00,'Đồ ăn','Có sẵn'),(50,NULL,17,'gỏi gà','https://res.cloudinary.com/dh8iyyll9/image/upload/v1700993468/nuiyj96wu3wm9pd7bj9e.jpg',250000.00,'Đồ ăn','Có sẵn'),(51,NULL,17,'gỏi gà','https://res.cloudinary.com/dh8iyyll9/image/upload/v1700994022/hzqjyzv9yzr0swd6i7kw.jpg',250000.00,'Đồ ăn','Có sẵn'),(52,NULL,9,'Cháo ếch ít cay','https://res.cloudinary.com/dh8iyyll9/image/upload/v1694349568/ms7wnhpmufriaiaebxyi.jpg',65000.00,'Đồ Ăn','Hết hàng'),(53,NULL,10,'Cháo ếch nhiều ếch','https://res.cloudinary.com/dh8iyyll9/image/upload/v1694349568/ms7wnhpmufriaiaebxyi.jpg',65000.00,'Đồ Ăn','Hết hàng'),(54,NULL,11,'Gỏi nhiều vị','https://res.cloudinary.com/dh8iyyll9/image/upload/v1699527726/nsydxox99oda7z2iejpr.png',65000.00,'Đồ Ăn','Hết hàng'),(55,NULL,12,'Set đồ ăn','https://res.cloudinary.com/dh8iyyll9/image/upload/v1699526498/fyhw4iggkj2ybqnnto7c.jpg',65000.00,'Đồ uống','Hết hàng'),(56,NULL,21,'Bò tơ','https://res.cloudinary.com/dh8iyyll9/image/upload/v1699525484/jvo1g3omfzaprb1e2gsq.jpg',300000.00,'Đồ ăn','Có sẵn'),(57,NULL,21,'Bò tơ','https://res.cloudinary.com/dh8iyyll9/image/upload/v1699525506/qdz9eksszx6h68lqqptu.jpg',250000.00,'Đồ ăn','Có sẵn'),(58,NULL,21,'Bò tơ','https://res.cloudinary.com/dh8iyyll9/image/upload/v1699525506/qdz9eksszx6h68lqqptu.jpg',250000.00,'Đồ ăn','Có sẵn'),(59,NULL,21,'Bò tơ','https://res.cloudinary.com/dh8iyyll9/image/upload/v1699525506/qdz9eksszx6h68lqqptu.jpg',250000.00,'Đồ ăn','Có sẵn'),(60,NULL,22,'Mì cay hải sản','https://res.cloudinary.com/dh8iyyll9/image/upload/v1699523516/y8t3tffrcwrhst5ndobb.jpg',35000.00,'Đồ ăn','Có sẵn'),(61,NULL,22,'Mì cay bò','https://res.cloudinary.com/dh8iyyll9/image/upload/v1699523570/zbvrgjvwq6svonbrje7n.jpg',35000.00,'Đồ ăn','Có sẵn'),(62,NULL,22,'Mì cay thập cẩm','https://res.cloudinary.com/dh8iyyll9/image/upload/v1699523570/zbvrgjvwq6svonbrje7n.jpg',35000.00,'Đồ ăn','Có sẵn'),(63,NULL,23,'Mì cay gà','https://res.cloudinary.com/dh8iyyll9/image/upload/v1699523570/zbvrgjvwq6svonbrje7n.jpg',35000.00,'Đồ ăn','Có sẵn'),(64,NULL,23,'Mì bò','https://res.cloudinary.com/dh8iyyll9/image/upload/v1699523570/zbvrgjvwq6svonbrje7n.jpg',35000.00,'Đồ ăn','Có sẵn'),(65,NULL,23,'Mì gà','https://res.cloudinary.com/dh8iyyll9/image/upload/v1699523570/zbvrgjvwq6svonbrje7n.jpg',35000.00,'Đồ ăn','Có sẵn'),(66,NULL,24,'Mì cá','https://res.cloudinary.com/dh8iyyll9/image/upload/v1699523570/zbvrgjvwq6svonbrje7n.jpg',35000.00,'Đồ ăn','Có sẵn'),(67,NULL,24,'Mì ếch','https://res.cloudinary.com/dh8iyyll9/image/upload/v1699523570/zbvrgjvwq6svonbrje7n.jpg',35000.00,'Đồ ăn','Có sẵn'),(68,NULL,24,'Mì mực','https://res.cloudinary.com/dh8iyyll9/image/upload/v1699523570/zbvrgjvwq6svonbrje7n.jpg',35000.00,'Đồ ăn','Có sẵn'),(69,NULL,25,'Trà sữa đậu đỏ','https://res.cloudinary.com/dh8iyyll9/image/upload/v1699526518/n11yas702qnp0jgkj2al.png',70000.00,'Đồ uống','Hết hàng'),(70,NULL,25,'Trà sữa ô long','https://res.cloudinary.com/dh8iyyll9/image/upload/v1699526518/n11yas702qnp0jgkj2al.png',70000.00,'Đồ uống','Hết hàng'),(71,NULL,25,'Trà sữa ngon','https://res.cloudinary.com/dh8iyyll9/image/upload/v1699526518/n11yas702qnp0jgkj2al.png',70000.00,'Đồ uống','Hết hàng'),(72,NULL,26,'Trà sữa đậu đỏ','https://res.cloudinary.com/dh8iyyll9/image/upload/v1699526518/n11yas702qnp0jgkj2al.png',70000.00,'Đồ uống','Hết hàng'),(73,NULL,26,'Trà sữa ngon','https://res.cloudinary.com/dh8iyyll9/image/upload/v1699526518/n11yas702qnp0jgkj2al.png',70000.00,'Đồ uống','Hết hàng'),(74,NULL,26,'Trà sữa đậu đỏ','https://res.cloudinary.com/dh8iyyll9/image/upload/v1699526518/n11yas702qnp0jgkj2al.png',70000.00,'Đồ uống','Hết hàng'),(75,NULL,27,'Trà sữa đậu đỏ','https://res.cloudinary.com/dh8iyyll9/image/upload/v1699526518/n11yas702qnp0jgkj2al.png',70000.00,'Đồ uống','Hết hàng'),(76,NULL,27,'Trà sữa ngon','https://res.cloudinary.com/dh8iyyll9/image/upload/v1699526518/n11yas702qnp0jgkj2al.png',70000.00,'Đồ uống','Hết hàng'),(77,NULL,27,'Trà sữa đậu đỏ','https://res.cloudinary.com/dh8iyyll9/image/upload/v1699526518/n11yas702qnp0jgkj2al.png',70000.00,'Đồ uống','Hết hàng'),(78,NULL,28,'Trà sữa đậu đỏ','https://res.cloudinary.com/dh8iyyll9/image/upload/v1699526518/n11yas702qnp0jgkj2al.png',70000.00,'Đồ uống','Hết hàng'),(79,NULL,28,'Trà sữa ngon','https://res.cloudinary.com/dh8iyyll9/image/upload/v1699526518/n11yas702qnp0jgkj2al.png',70000.00,'Đồ uống','Hết hàng'),(80,NULL,28,'Trà sữa đậu đỏ','https://res.cloudinary.com/dh8iyyll9/image/upload/v1699526518/n11yas702qnp0jgkj2al.png',70000.00,'Đồ uống','Hết hàng'),(81,NULL,29,'Gỏi nhiều vị','https://res.cloudinary.com/dh8iyyll9/image/upload/v1699527726/nsydxox99oda7z2iejpr.png',70000.00,'Đồ ăn','Có sẵn'),(82,NULL,13,'Gỏi nhiều vị','https://res.cloudinary.com/dh8iyyll9/image/upload/v1699527726/nsydxox99oda7z2iejpr.png',365000.00,'Đồ ăn','Hết hàng'),(83,NULL,14,'Set đồ ăn','https://res.cloudinary.com/dh8iyyll9/image/upload/v1699526498/fyhw4iggkj2ybqnnto7c.jpg',665000.00,'Đồ uống','Hết hàng'),(84,NULL,54,'Gỏi nhiều vị','https://res.cloudinary.com/dh8iyyll9/image/upload/v1700993084/fytwzdbousqqjunh4xjf.jpg',250000.00,'Đồ ăn','Có sẵn'),(85,NULL,53,'Set đồ ăn','https://res.cloudinary.com/dh8iyyll9/image/upload/v1700993084/fytwzdbousqqjunh4xjf.jpg',250000.00,'Đồ ăn','Có sẵn'),(87,NULL,31,'Gỏi nhiều vị','https://res.cloudinary.com/dh8iyyll9/image/upload/v1700993084/fytwzdbousqqjunh4xjf.jpg',250000.00,'Đồ ăn','Có sẵn'),(88,NULL,31,'Set đồ ăn','https://res.cloudinary.com/dh8iyyll9/image/upload/v1700993084/fytwzdbousqqjunh4xjf.jpg',250000.00,'Đồ ăn','Có sẵn'),(90,NULL,32,'Gỏi nhiều vị','https://res.cloudinary.com/dh8iyyll9/image/upload/v1700993084/fytwzdbousqqjunh4xjf.jpg',250000.00,'Đồ ăn','Có sẵn'),(91,NULL,40,'Set đồ ăn','https://res.cloudinary.com/dh8iyyll9/image/upload/v1700993084/fytwzdbousqqjunh4xjf.jpg',250000.00,'Đồ ăn','Có sẵn'),(92,NULL,7,'Mì siêu cay đặc biệt','https://res.cloudinary.com/dh8iyyll9/image/upload/v1699523540/ph9aio08ixz34pfdv65q.png',45000.00,'Đồ ăn','Có sẵn'),(93,NULL,36,'Gỏi nhiều vị','https://res.cloudinary.com/dh8iyyll9/image/upload/v1700993084/fytwzdbousqqjunh4xjf.jpg',250000.00,'Đồ ăn','Có sẵn'),(94,NULL,37,'Set đồ ăn','https://res.cloudinary.com/dh8iyyll9/image/upload/v1700993084/fytwzdbousqqjunh4xjf.jpg',250000.00,'Đồ ăn','Có sẵn'),(96,NULL,54,'Bia HeneKen','https://res.cloudinary.com/dh8iyyll9/image/upload/v1701071581/vxcha7g2cgwzkjowcpzz.jpg',23000.00,'Đồ uống','Có sẵn'),(97,NULL,30,'Bia HeneKen','https://res.cloudinary.com/dh8iyyll9/image/upload/v1701071581/vxcha7g2cgwzkjowcpzz.jpg',23000.00,'Đồ uống','Có sẵn'),(98,NULL,52,'Bia HeneKen','https://res.cloudinary.com/dh8iyyll9/image/upload/v1701071581/vxcha7g2cgwzkjowcpzz.jpg',23000.00,'Đồ uống','Có sẵn'),(99,NULL,50,'Bia HeneKen','https://res.cloudinary.com/dh8iyyll9/image/upload/v1701071581/vxcha7g2cgwzkjowcpzz.jpg',23000.00,'Đồ uống','Có sẵn'),(100,NULL,33,'Bia HeneKen','https://res.cloudinary.com/dh8iyyll9/image/upload/v1701071581/vxcha7g2cgwzkjowcpzz.jpg',23000.00,'Đồ uống','Có sẵn'),(101,NULL,54,'Bia Tiger','https://res.cloudinary.com/dh8iyyll9/image/upload/v1701071633/jc3uo7ikwopy9icmwr6h.jpg',22000.00,'Đồ uống','Có sẵn'),(102,NULL,30,'Bia Tiger','https://res.cloudinary.com/dh8iyyll9/image/upload/v1701071633/jc3uo7ikwopy9icmwr6h.jpg',22000.00,'Đồ uống','Có sẵn'),(103,NULL,31,'Bia Tiger','https://res.cloudinary.com/dh8iyyll9/image/upload/v1701071633/jc3uo7ikwopy9icmwr6h.jpg',22000.00,'Đồ uống','Có sẵn'),(104,NULL,41,'Bia Tiger','https://res.cloudinary.com/dh8iyyll9/image/upload/v1701071633/jc3uo7ikwopy9icmwr6h.jpg',22000.00,'Đồ uống','Có sẵn'),(105,NULL,33,'Bia Tiger','https://res.cloudinary.com/dh8iyyll9/image/upload/v1701071633/jc3uo7ikwopy9icmwr6h.jpg',22000.00,'Đồ uống','Có sẵn'),(106,NULL,1,'Bò tơ nướng','https://res.cloudinary.com/dh8iyyll9/image/upload/v1699525484/jvo1g3omfzaprb1e2gsq.jpg',65000.00,'Đồ Ăn','Có sẵn'),(107,NULL,30,'Rượu vang đỏ Chile, Vultus mix 2','https://res.cloudinary.com/dh8iyyll9/image/upload/v1701071844/sc0t4pntc3ek3ftvdgqd.jpg',350000.00,'Đồ uống','Có sẵn'),(108,NULL,31,'Rượu vang đỏ Chile, Vultus mix 2','https://res.cloudinary.com/dh8iyyll9/image/upload/v1701071844/sc0t4pntc3ek3ftvdgqd.jpg',350000.00,'Đồ uống','Có sẵn'),(109,NULL,32,'Rượu vang đỏ Chile, Vultus mix 2','https://res.cloudinary.com/dh8iyyll9/image/upload/v1701071844/sc0t4pntc3ek3ftvdgqd.jpg',350000.00,'Đồ uống','Có sẵn'),(110,NULL,33,'Rượu vang đỏ Chile, Vultus mix 2','https://res.cloudinary.com/dh8iyyll9/image/upload/v1701071844/sc0t4pntc3ek3ftvdgqd.jpg',350000.00,'Đồ uống','Có sẵn'),(111,NULL,29,'Rượu Whisky','https://res.cloudinary.com/dh8iyyll9/image/upload/v1701071760/to3uha22bj3boexgw1jc.jpg',500000.00,'Đồ uống','Có sẵn'),(112,NULL,30,'Rượu Whisky','https://res.cloudinary.com/dh8iyyll9/image/upload/v1701071760/to3uha22bj3boexgw1jc.jpg',500000.00,'Đồ uống','Có sẵn'),(113,NULL,31,'Rượu Whisky','https://res.cloudinary.com/dh8iyyll9/image/upload/v1701071760/to3uha22bj3boexgw1jc.jpg',500000.00,'Đồ uống','Có sẵn'),(114,NULL,32,'Rượu Whisky','https://res.cloudinary.com/dh8iyyll9/image/upload/v1701071760/to3uha22bj3boexgw1jc.jpg',500000.00,'Đồ uống','Có sẵn'),(115,NULL,33,'Rượu Whisky','https://res.cloudinary.com/dh8iyyll9/image/upload/v1701071760/to3uha22bj3boexgw1jc.jpg',500000.00,'Đồ uống','Có sẵn'),(116,NULL,29,'Rượu vang đỏ Chile, Vultus mix 1','https://res.cloudinary.com/dh8iyyll9/image/upload/v1701071844/sc0t4pntc3ek3ftvdgqd.jpg',350000.00,'Đồ uống','Có sẵn'),(117,NULL,2,'Bia HeneKen','https://res.cloudinary.com/dh8iyyll9/image/upload/v1701071581/vxcha7g2cgwzkjowcpzz.jpg',65000.00,'Đồ uống','Có sẵn'),(118,NULL,3,'Bò tơ tròn','https://res.cloudinary.com/dh8iyyll9/image/upload/v1699525484/jvo1g3omfzaprb1e2gsq.jpg',65000.00,'Đồ Ăn','Có sẵn'),(119,NULL,4,'Mì cay xé lòng','https://res.cloudinary.com/dh8iyyll9/image/upload/v1699523570/zbvrgjvwq6svonbrje7n.jpg',65000.00,'Đồ Ăn','Có sẵn'),(120,NULL,5,'Bò tơ cuộn','https://res.cloudinary.com/dh8iyyll9/image/upload/v1699525484/jvo1g3omfzaprb1e2gsq.jpg',65000.00,'Đồ Ăn','Có sẵn'),(121,NULL,6,'Mì cay không cay','https://res.cloudinary.com/dh8iyyll9/image/upload/v1699523570/zbvrgjvwq6svonbrje7n.jpg',65000.00,'Đồ Ăn','Có sẵn'),(122,NULL,7,'Bia HeneKen','https://res.cloudinary.com/dh8iyyll9/image/upload/v1701071581/vxcha7g2cgwzkjowcpzz.jpg',65000.00,'Đồ uống','Có sẵn'),(123,NULL,8,'Mì cay vui vẻ','https://res.cloudinary.com/dh8iyyll9/image/upload/v1699523570/zbvrgjvwq6svonbrje7n.jpg',65000.00,'Đồ Ăn','Có sẵn'),(124,NULL,9,'Bò tơ tảng','https://res.cloudinary.com/dh8iyyll9/image/upload/v1699525484/jvo1g3omfzaprb1e2gsq.jpg',65000.00,'Đồ Ăn','Có sẵn'),(125,NULL,10,'Mì cay cháy phố','https://res.cloudinary.com/dh8iyyll9/image/upload/v1699523570/zbvrgjvwq6svonbrje7n.jpg',65000.00,'Đồ Ăn','Có sẵn'),(126,NULL,11,'Mì cay bò ngoài hành tinh','https://res.cloudinary.com/dh8iyyll9/image/upload/v1699523570/zbvrgjvwq6svonbrje7n.jpg',65000.00,'Đồ Ăn','Có sẵn'),(127,NULL,12,'Bò tơ muối','https://res.cloudinary.com/dh8iyyll9/image/upload/v1699525484/jvo1g3omfzaprb1e2gsq.jpg',65000.00,'Đồ Ăn','Có sẵn'),(128,NULL,13,'Rượu Whisky','https://res.cloudinary.com/dh8iyyll9/image/upload/v1701071760/to3uha22bj3boexgw1jc.jpg',65000.00,'Đồ uống','Có sẵn'),(129,NULL,34,'Cà phê Sữa','https://res.cloudinary.com/dh8iyyll9/image/upload/v1699526794/a76a5bbhukfvjfs3fbhk.jpg',50000.00,'Đồ uống','Có sẵn'),(130,NULL,34,'Cà phê đen','https://res.cloudinary.com/dh8iyyll9/image/upload/v1699526794/a76a5bbhukfvjfs3fbhk.jpg',50000.00,'Đồ uống','Có sẵn'),(131,NULL,34,'Bạc xỉu','https://res.cloudinary.com/dh8iyyll9/image/upload/v1699526794/a76a5bbhukfvjfs3fbhk.jpg',50000.00,'Đồ uống','Có sẵn'),(132,NULL,35,'Cà phê Sữa','https://res.cloudinary.com/dh8iyyll9/image/upload/v1699526794/a76a5bbhukfvjfs3fbhk.jpg',50000.00,'Đồ uống','Có sẵn'),(133,NULL,35,'Cà phê đen','https://res.cloudinary.com/dh8iyyll9/image/upload/v1699526794/a76a5bbhukfvjfs3fbhk.jpg',50000.00,'Đồ uống','Có sẵn'),(134,NULL,35,'Bạc xỉu','https://res.cloudinary.com/dh8iyyll9/image/upload/v1699526794/a76a5bbhukfvjfs3fbhk.jpg',50000.00,'Đồ uống','Có sẵn'),(135,NULL,36,'Cà phê Sữa','https://res.cloudinary.com/dh8iyyll9/image/upload/v1699526794/a76a5bbhukfvjfs3fbhk.jpg',50000.00,'Đồ uống','Có sẵn'),(136,NULL,36,'Cà phê đen','https://res.cloudinary.com/dh8iyyll9/image/upload/v1699526794/a76a5bbhukfvjfs3fbhk.jpg',50000.00,'Đồ uống','Có sẵn'),(137,NULL,36,'Bạc xỉu','https://res.cloudinary.com/dh8iyyll9/image/upload/v1699526794/a76a5bbhukfvjfs3fbhk.jpg',50000.00,'Đồ uống','Có sẵn'),(138,NULL,37,'Cà phê Sữa','https://res.cloudinary.com/dh8iyyll9/image/upload/v1699526794/a76a5bbhukfvjfs3fbhk.jpg',50000.00,'Đồ uống','Có sẵn'),(139,NULL,37,'Cà phê đen','https://res.cloudinary.com/dh8iyyll9/image/upload/v1699526794/a76a5bbhukfvjfs3fbhk.jpg',50000.00,'Đồ uống','Có sẵn'),(140,NULL,37,'Bạc xỉu','https://res.cloudinary.com/dh8iyyll9/image/upload/v1699526794/a76a5bbhukfvjfs3fbhk.jpg',50000.00,'Đồ uống','Có sẵn'),(141,NULL,38,'Bánh tráng nướng','https://res.cloudinary.com/dh8iyyll9/image/upload/v1699526063/eh2fhdams7pigzozxzpg.jpg',35000.00,'Đồ Ăn','Có sẵn'),(142,NULL,38,'Bánh tráng nướng hành','https://res.cloudinary.com/dh8iyyll9/image/upload/v1699526191/e3hznhtsu7vrkw7czmib.jpg',35000.00,'Đồ Ăn','Có sẵn'),(143,NULL,38,'Bánh tráng nướng mỡ','https://res.cloudinary.com/dh8iyyll9/image/upload/v1699526106/iqil809d2il4kjb5kuux.jpg',35000.00,'Đồ Ăn','Có sẵn'),(144,NULL,39,'Bánh tráng nướng','https://res.cloudinary.com/dh8iyyll9/image/upload/v1699526191/e3hznhtsu7vrkw7czmib.jpg',35000.00,'Đồ Ăn','Có sẵn'),(145,NULL,39,'Bánh tráng nướng hành','https://res.cloudinary.com/dh8iyyll9/image/upload/v1699526106/iqil809d2il4kjb5kuux.jpg',35000.00,'Đồ Ăn','Có sẵn'),(146,NULL,39,'Bánh tráng nướng mỡ','https://res.cloudinary.com/dh8iyyll9/image/upload/v1699526106/iqil809d2il4kjb5kuux.jpg',35000.00,'Đồ Ăn','Có sẵn'),(147,NULL,40,'Bánh tráng nướng','https://res.cloudinary.com/dh8iyyll9/image/upload/v1699526191/e3hznhtsu7vrkw7czmib.jpg',35000.00,'Đồ Ăn','Có sẵn'),(148,NULL,40,'Bánh tráng nướng ruốc','https://res.cloudinary.com/dh8iyyll9/image/upload/v1699526106/iqil809d2il4kjb5kuux.jpg',35000.00,'Đồ Ăn','Có sẵn'),(149,NULL,40,'Bánh tráng nướng hành','https://res.cloudinary.com/dh8iyyll9/image/upload/v1699526191/e3hznhtsu7vrkw7czmib.jpg',35000.00,'Đồ Ăn','Có sẵn'),(150,NULL,41,'Bánh tráng nướng','https://res.cloudinary.com/dh8iyyll9/image/upload/v1699526106/iqil809d2il4kjb5kuux.jpg',35000.00,'Đồ Ăn','Có sẵn'),(151,NULL,41,'Bánh tráng nướng mỡ','https://res.cloudinary.com/dh8iyyll9/image/upload/v1699526191/e3hznhtsu7vrkw7czmib.jpg',35000.00,'Đồ Ăn','Có sẵn'),(152,NULL,41,'Bánh tráng nướng hành','https://res.cloudinary.com/dh8iyyll9/image/upload/v1699526106/iqil809d2il4kjb5kuux.jpg',35000.00,'Đồ Ăn','Có sẵn'),(153,NULL,42,'Bánh tráng nướng','https://res.cloudinary.com/dh8iyyll9/image/upload/v1699526191/e3hznhtsu7vrkw7czmib.jpg',35000.00,'Đồ Ăn','Có sẵn'),(154,NULL,42,'Bánh tráng nướng hành','https://res.cloudinary.com/dh8iyyll9/image/upload/v1699526106/iqil809d2il4kjb5kuux.jpg',35000.00,'Đồ Ăn','Có sẵn'),(155,NULL,42,'Bánh tráng nướng muối','https://res.cloudinary.com/dh8iyyll9/image/upload/v1699526191/e3hznhtsu7vrkw7czmib.jpg',35000.00,'Đồ Ăn','Có sẵn'),(156,NULL,43,'Trà sữa đậu đỏ','https://res.cloudinary.com/dh8iyyll9/image/upload/v1699526518/n11yas702qnp0jgkj2al.png',35000.00,'Đồ uống','Có sẵn'),(157,NULL,14,'Bia HeneKen','https://res.cloudinary.com/dh8iyyll9/image/upload/v1701071581/vxcha7g2cgwzkjowcpzz.jpg',65000.00,'Đồ uống','Có sẵn'),(158,NULL,15,'Rượu Whisky','https://res.cloudinary.com/dh8iyyll9/image/upload/v1699525484/jvo1g3omfzaprb1e2gsq.jpg',65000.00,'Đồ uống','Có sẵn'),(159,NULL,16,'Rượu vang đỏ Chile, Vultus mix 2','https://res.cloudinary.com/dh8iyyll9/image/upload/v1701071844/sc0t4pntc3ek3ftvdgqd.jpg',65000.00,'Đồ uống','Có sẵn'),(160,NULL,17,'Bia HeneKen','https://res.cloudinary.com/dh8iyyll9/image/upload/v1701071581/vxcha7g2cgwzkjowcpzz.jpg',65000.00,'Đồ uống','Có sẵn'),(161,NULL,18,'Rượu Whisky','https://res.cloudinary.com/dh8iyyll9/image/upload/v1701071760/to3uha22bj3boexgw1jc.jpg',65000.00,'Đồ uống','Có sẵn'),(162,NULL,19,'Rượu Whisky','https://res.cloudinary.com/dh8iyyll9/image/upload/v1701071760/to3uha22bj3boexgw1jc.jpg',65000.00,'Đồ uống','Có sẵn'),(163,NULL,20,'Bò tơ củ chi','https://res.cloudinary.com/dh8iyyll9/image/upload/v1699525484/jvo1g3omfzaprb1e2gsq.jpg',65000.00,'Đồ Ăn','Có sẵn'),(164,NULL,21,'Rượu Whisky','https://res.cloudinary.com/dh8iyyll9/image/upload/v1701071760/to3uha22bj3boexgw1jc.jpg',65000.00,'Đồ uống','Có sẵn'),(165,NULL,22,'Rượu Whisky','https://res.cloudinary.com/dh8iyyll9/image/upload/v1701071760/to3uha22bj3boexgw1jc.jpg',65000.00,'Đồ uống','Có sẵn'),(166,NULL,23,'Rượu Whisky','https://res.cloudinary.com/dh8iyyll9/image/upload/v1701071760/to3uha22bj3boexgw1jc.jpg',65000.00,'Đồ uống','Có sẵn'),(167,NULL,24,'Rượu Whisky','https://res.cloudinary.com/dh8iyyll9/image/upload/v1701071760/to3uha22bj3boexgw1jc.jpg',65000.00,'Đồ uống','Có sẵn'),(168,NULL,25,'Bia HeneKen','https://res.cloudinary.com/dh8iyyll9/image/upload/v1701071581/vxcha7g2cgwzkjowcpzz.jpg',65000.00,'Đồ uống','Có sẵn'),(169,NULL,26,'Bò Tơ thịt dai','https://res.cloudinary.com/dh8iyyll9/image/upload/v1699525484/jvo1g3omfzaprb1e2gsq.jpg',65000.00,'Đồ Ăn','Có sẵn'),(170,NULL,27,'Rượu Whisky','https://res.cloudinary.com/dh8iyyll9/image/upload/v1701071760/to3uha22bj3boexgw1jc.jpg',65000.00,'Đồ uống','Có sẵn'),(171,NULL,28,'Rượu vang đỏ Chile, Vultus mix 2','https://res.cloudinary.com/dh8iyyll9/image/upload/v1701071844/sc0t4pntc3ek3ftvdgqd.jpg',65000.00,'Đồ uống','Có sẵn'),(172,NULL,29,'Rượu vang đỏ Chile, Vultus mix 2','https://res.cloudinary.com/dh8iyyll9/image/upload/v1701071844/sc0t4pntc3ek3ftvdgqd.jpg',65000.00,'Đồ uống','Có sẵn'),(173,NULL,30,'Bò tơ mệt mỏi','https://res.cloudinary.com/dh8iyyll9/image/upload/v1699525484/jvo1g3omfzaprb1e2gsq.jpg',65000.00,'Đồ Ăn','Có sẵn'),(174,NULL,31,'Bia HeneKen','https://res.cloudinary.com/dh8iyyll9/image/upload/v1701071581/vxcha7g2cgwzkjowcpzz.jpg',65000.00,'Đồ uống','Có sẵn'),(175,NULL,43,'Trà sữa đậu đen','https://res.cloudinary.com/dh8iyyll9/image/upload/v1699526518/n11yas702qnp0jgkj2al.png',35000.00,'Đồ uống','Có sẵn'),(176,NULL,43,'Trà sữa đậu đỏ nâu','https://res.cloudinary.com/dh8iyyll9/image/upload/v1699526518/n11yas702qnp0jgkj2al.png',35000.00,'Đồ uống','Có sẵn'),(177,NULL,44,'Trà sữa đậu đỏ','https://res.cloudinary.com/dh8iyyll9/image/upload/v1699526518/n11yas702qnp0jgkj2al.png',35000.00,'Đồ uống','Có sẵn'),(178,NULL,44,'Trà sữa đậu đen','https://res.cloudinary.com/dh8iyyll9/image/upload/v1699526518/n11yas702qnp0jgkj2al.png',35000.00,'Đồ uống','Có sẵn'),(179,NULL,44,'Trà sữa đậu đỏ đen','https://res.cloudinary.com/dh8iyyll9/image/upload/v1699526518/n11yas702qnp0jgkj2al.png',35000.00,'Đồ uống','Có sẵn'),(180,NULL,45,'Trà sữa đậu đỏ nâu','https://res.cloudinary.com/dh8iyyll9/image/upload/v1699526794/a76a5bbhukfvjfs3fbhk.jpg',35000.00,'Đồ uống','Có sẵn'),(181,NULL,45,'Trà sữa đậu đỏ','https://res.cloudinary.com/dh8iyyll9/image/upload/v1699526518/n11yas702qnp0jgkj2al.png',35000.00,'Đồ uống','Có sẵn'),(182,NULL,45,'Trà sữa đậu đen','https://res.cloudinary.com/dh8iyyll9/image/upload/v1699526794/a76a5bbhukfvjfs3fbhk.jpg',35000.00,'Đồ uống','Có sẵn'),(183,NULL,46,'Trà sữa đậu đỏ','https://res.cloudinary.com/dh8iyyll9/image/upload/v1699526518/n11yas702qnp0jgkj2al.png',35000.00,'Đồ uống','Có sẵn'),(184,NULL,46,'Trà sữa đậu đen','https://res.cloudinary.com/dh8iyyll9/image/upload/v1699526794/a76a5bbhukfvjfs3fbhk.jpg',35000.00,'Đồ uống','Có sẵn'),(185,NULL,46,'Trà sữa đậu đỏ đen','https://res.cloudinary.com/dh8iyyll9/image/upload/v1699526518/n11yas702qnp0jgkj2al.png',35000.00,'Đồ uống','Có sẵn'),(186,NULL,47,'Trà sữa đậu đỏ','https://res.cloudinary.com/dh8iyyll9/image/upload/v1699526794/a76a5bbhukfvjfs3fbhk.jpg',35000.00,'Đồ uống','Có sẵn'),(187,NULL,47,'Trà sữa đậu đen','https://res.cloudinary.com/dh8iyyll9/image/upload/v1699526518/n11yas702qnp0jgkj2al.png',35000.00,'Đồ uống','Có sẵn'),(188,NULL,47,'Trà sữa đậu đỏ đen','https://res.cloudinary.com/dh8iyyll9/image/upload/v1699526518/n11yas702qnp0jgkj2al.png',35000.00,'Đồ uống','Có sẵn'),(189,NULL,48,'Trà sữa đậu đỏ','https://res.cloudinary.com/dh8iyyll9/image/upload/v1699526794/a76a5bbhukfvjfs3fbhk.jpg',35000.00,'Đồ uống','Có sẵn'),(190,NULL,48,'Trà sữa đậu đen','https://res.cloudinary.com/dh8iyyll9/image/upload/v1699526518/n11yas702qnp0jgkj2al.png',35000.00,'Đồ uống','Có sẵn'),(191,NULL,48,'Trà sữa đậu đen đỏ','https://res.cloudinary.com/dh8iyyll9/image/upload/v1699526794/a76a5bbhukfvjfs3fbhk.jpg',35000.00,'Đồ uống','Có sẵn'),(192,NULL,48,'Trà sữa đậu đen đỏ đen','https://res.cloudinary.com/dh8iyyll9/image/upload/v1699526794/a76a5bbhukfvjfs3fbhk.jpg',45000.00,'Đồ uống','Có sẵn'),(193,NULL,46,'Trà sữa đậu xanh','https://res.cloudinary.com/dh8iyyll9/image/upload/v1699526518/n11yas702qnp0jgkj2al.png',50000.00,'Đồ uống','Có sẵn'),(194,NULL,45,'Trà sữa đậu xanh','https://res.cloudinary.com/dh8iyyll9/image/upload/v1699526518/n11yas702qnp0jgkj2al.png',50000.00,'Đồ uống','Có sẵn'),(195,NULL,49,'Cháo ếch Đặc Biệt','https://res.cloudinary.com/dh8iyyll9/image/upload/v1694349568/ms7wnhpmufriaiaebxyi.jpg',65000.00,'Đồ Ăn','Có sẵn'),(196,NULL,49,'Cháo ếch ít cay','https://res.cloudinary.com/dh8iyyll9/image/upload/v1694349568/ms7wnhpmufriaiaebxyi.jpg',65000.00,'Đồ Ăn','Có sẵn'),(197,NULL,49,'Cháo ếch nhiều ếch','https://res.cloudinary.com/dh8iyyll9/image/upload/v1694349568/ms7wnhpmufriaiaebxyi.jpg',65000.00,'Đồ Ăn','Có sẵn'),(198,NULL,50,'Cháo ếch Đặc Biệt','https://res.cloudinary.com/dh8iyyll9/image/upload/v1694349568/ms7wnhpmufriaiaebxyi.jpg',65000.00,'Đồ Ăn','Có sẵn'),(199,NULL,50,'Cháo ếch ít cay','https://res.cloudinary.com/dh8iyyll9/image/upload/v1694349568/ms7wnhpmufriaiaebxyi.jpg',65000.00,'Đồ Ăn','Có sẵn'),(200,NULL,50,'Cháo ếch nhiều ếch','https://res.cloudinary.com/dh8iyyll9/image/upload/v1694349568/ms7wnhpmufriaiaebxyi.jpg',65000.00,'Đồ Ăn','Có sẵn'),(201,NULL,51,'Cháo ếch Đặc Biệt','https://res.cloudinary.com/dh8iyyll9/image/upload/v1694349568/ms7wnhpmufriaiaebxyi.jpg',65000.00,'Đồ Ăn','Có sẵn'),(202,NULL,51,'Cháo ếch ít cay','https://res.cloudinary.com/dh8iyyll9/image/upload/v1694349568/ms7wnhpmufriaiaebxyi.jpg',65000.00,'Đồ Ăn','Có sẵn'),(203,NULL,51,'Cháo ếch nhiều ếch','https://res.cloudinary.com/dh8iyyll9/image/upload/v1694349568/ms7wnhpmufriaiaebxyi.jpg',65000.00,'Đồ Ăn','Có sẵn'),(204,NULL,52,'Cháo ếch nhiều ớt','https://res.cloudinary.com/dh8iyyll9/image/upload/v1694349568/ms7wnhpmufriaiaebxyi.jpg',65000.00,'Đồ Ăn','Có sẵn'),(205,NULL,52,'Cháo ếch Đặc Biệt','https://res.cloudinary.com/dh8iyyll9/image/upload/v1694349568/ms7wnhpmufriaiaebxyi.jpg',65000.00,'Đồ Ăn','Có sẵn'),(206,NULL,52,'Cháo ếch ít cay','https://res.cloudinary.com/dh8iyyll9/image/upload/v1694349568/ms7wnhpmufriaiaebxyi.jpg',65000.00,'Đồ Ăn','Có sẵn'),(207,NULL,53,'Cháo ếch Đặc Biệt','https://res.cloudinary.com/dh8iyyll9/image/upload/v1694349568/ms7wnhpmufriaiaebxyi.jpg',65000.00,'Đồ Ăn','Có sẵn'),(208,NULL,53,'Cháo ếch ít cay','https://res.cloudinary.com/dh8iyyll9/image/upload/v1694349568/ms7wnhpmufriaiaebxyi.jpg',65000.00,'Đồ Ăn','Có sẵn'),(209,NULL,53,'Cháo ếch nhiều ếch','https://res.cloudinary.com/dh8iyyll9/image/upload/v1694349568/ms7wnhpmufriaiaebxyi.jpg',65000.00,'Đồ Ăn','Có sẵn'),(210,NULL,32,'Bánh tráng nướng','https://res.cloudinary.com/dh8iyyll9/image/upload/v1699526063/eh2fhdams7pigzozxzpg.jpg',65000.00,'Đồ ăn','Có sẵn'),(211,NULL,33,'Gỏi đa vị','https://res.cloudinary.com/dh8iyyll9/image/upload/v1699527726/nsydxox99oda7z2iejpr.png',65000.00,'Đồ Ăn','Có sẵn'),(212,NULL,34,'Bò tơ Hà Nội','https://res.cloudinary.com/dh8iyyll9/image/upload/v1699525484/jvo1g3omfzaprb1e2gsq.jpg',65000.00,'Đồ Ăn','Có sẵn');
/*!40000 ALTER TABLE `foods` ENABLE KEYS */;
UNLOCK TABLES;

--
-- Table structure for table `menus`
--

DROP TABLE IF EXISTS `menus`;
/*!40101 SET @saved_cs_client     = @@character_set_client */;
/*!50503 SET character_set_client = utf8mb4 */;
CREATE TABLE `menus` (
  `menu_id` int NOT NULL AUTO_INCREMENT,
  `store_id` int DEFAULT NULL,
  `name` varchar(100) NOT NULL,
  `description` text,
  `publish_date` date NOT NULL,
  PRIMARY KEY (`menu_id`),
  KEY `store_id` (`store_id`),
  CONSTRAINT `menus_ibfk_1` FOREIGN KEY (`store_id`) REFERENCES `stores` (`store_id`)
) ENGINE=InnoDB DEFAULT CHARSET=utf8mb4 COLLATE=utf8mb4_0900_ai_ci;
/*!40101 SET character_set_client = @saved_cs_client */;

--
-- Dumping data for table `menus`
--

LOCK TABLES `menus` WRITE;
/*!40000 ALTER TABLE `menus` DISABLE KEYS */;
/*!40000 ALTER TABLE `menus` ENABLE KEYS */;
UNLOCK TABLES;

--
-- Table structure for table `order_detail`
--

DROP TABLE IF EXISTS `order_detail`;
/*!40101 SET @saved_cs_client     = @@character_set_client */;
/*!50503 SET character_set_client = utf8mb4 */;
CREATE TABLE `order_detail` (
  `id` int NOT NULL AUTO_INCREMENT,
  `order_id` int NOT NULL,
  `food_id` int NOT NULL,
  `unit_price` decimal(10,0) DEFAULT '0',
  `num` varchar(45) DEFAULT '0',
  PRIMARY KEY (`id`),
  KEY `FK_ORDERDETAIL_ORDER_idx` (`order_id`),
  KEY `FK_ORDERDETAIL_FOODS_idx` (`food_id`),
  CONSTRAINT `FK_ORDERDETAIL_FOODS` FOREIGN KEY (`food_id`) REFERENCES `foods` (`food_id`),
  CONSTRAINT `FK_ORDERDETAIL_ORDER` FOREIGN KEY (`order_id`) REFERENCES `orders` (`order_id`)
) ENGINE=InnoDB AUTO_INCREMENT=203 DEFAULT CHARSET=utf8mb4 COLLATE=utf8mb4_0900_ai_ci;
/*!40101 SET character_set_client = @saved_cs_client */;

--
-- Dumping data for table `order_detail`
--

LOCK TABLES `order_detail` WRITE;
/*!40000 ALTER TABLE `order_detail` DISABLE KEYS */;
INSERT INTO `order_detail` VALUES (1,4,9,21000000,'1'),(2,80,190,35000,'2'),(3,81,208,65000,'2'),(4,82,209,65000,'2'),(5,83,207,65000,'3'),(6,84,205,65000,'2'),(7,84,206,65000,'2'),(8,85,62,35000,'3'),(9,85,77,70000,'3'),(10,86,35,30000,'3'),(11,86,36,60000,'3'),(12,87,10,65000,'2'),(13,87,11,89000,'2'),(14,14,14,22000,'1'),(15,13,14,22000,'1'),(16,12,14,22000,'1'),(17,12,15,89000,'1'),(18,14,15,89000,'1'),(19,13,15,89000,'1'),(20,15,14,22000,'1'),(21,15,15,89000,'1'),(22,16,15,89000,'2'),(23,17,13,79000,'1'),(24,17,14,22000,'1'),(25,18,13,79000,'2'),(26,18,14,22000,'2'),(27,19,14,22000,'2'),(28,20,14,22000,'1'),(29,20,15,89000,'1'),(30,21,13,79000,'1'),(31,21,14,22000,'1'),(32,22,14,22000,'5'),(33,23,14,22000,'3'),(35,24,16,22092002,'2'),(36,25,16,22092002,'2'),(37,26,15,89000,'4'),(38,27,14,22000,'1'),(39,27,16,22092002,'2'),(40,28,10,65000,'1'),(41,28,11,89000,'1'),(42,28,13,79000,'1'),(43,28,14,22000,'1'),(44,28,15,89000,'1'),(45,28,17,22092002,'1'),(46,28,18,22092002,'1'),(47,29,10,65000,'4'),(48,29,11,89000,'1'),(49,29,12,22000,'1'),(50,29,14,22000,'1'),(51,29,15,89000,'1'),(52,30,10,65000,'1'),(53,30,11,89000,'1'),(54,30,14,22000,'5'),(55,30,16,22092002,'1'),(56,30,17,22092002,'1'),(57,31,10,65000,'1'),(58,31,15,89000,'1'),(59,32,17,22092002,'1'),(60,33,22,120000,'3'),(61,34,43,25000,'2'),(62,34,44,25000,'2'),(63,34,46,70000,'2'),(64,34,47,700000,'1'),(65,34,48,150000,'1'),(66,35,31,50000,'2'),(67,35,32,65000,'2'),(68,35,33,50000,'2'),(69,35,34,45000,'2'),(70,35,35,30000,'2'),(71,36,22,120000,'2'),(72,36,23,110000,'2'),(73,36,24,140000,'2'),(74,37,37,50000,'2'),(75,37,38,60000,'3'),(76,37,40,25000,'3'),(77,37,41,20000,'2'),(78,37,42,25000,'2'),(79,38,37,50000,'2'),(80,38,38,60000,'2'),(81,38,39,70000,'2'),(82,38,41,20000,'2'),(83,38,42,25000,'3'),(84,39,22,120000,'3'),(85,39,23,110000,'2'),(86,39,24,140000,'2'),(87,39,25,250000,'2'),(88,39,26,600000,'2'),(89,39,27,15000,'2'),(90,40,9,65000,'3'),(91,40,10,65000,'2'),(92,40,11,89000,'3'),(93,40,12,22000,'3'),(94,40,13,79000,'2'),(95,40,14,22000,'2'),(96,40,15,89000,'3'),(97,41,41,20000,'2'),(98,41,46,70000,'2'),(99,41,47,700000,'3'),(100,41,48,150000,'3'),(101,42,43,25000,'2'),(102,42,44,25000,'2'),(103,42,45,15000,'2'),(104,42,47,700000,'2'),(105,43,43,25000,'1'),(106,43,44,25000,'1'),(107,43,46,70000,'1'),(108,44,47,700000,'1'),(109,44,48,150000,'1'),(110,45,38,60000,'1'),(111,45,39,70000,'1'),(112,45,40,25000,'1'),(113,45,41,20000,'1'),(114,45,42,25000,'1'),(115,46,31,50000,'2'),(116,47,38,60000,'2'),(117,47,39,70000,'2'),(118,48,38,60000,'2'),(119,49,28,25000,'3'),(120,50,46,70000,'1'),(121,51,47,700000,'1'),(122,52,48,150000,'1'),(123,53,38,60000,'2'),(124,54,13,79000,'2'),(125,54,14,22000,'2'),(126,54,16,22092002,'2'),(127,54,17,22092002,'2'),(128,55,39,70000,'3'),(129,56,204,65000,'1'),(130,56,205,65000,'1'),(131,56,208,65000,'1'),(132,56,209,65000,'1'),(133,57,187,35000,'1'),(134,57,190,35000,'1'),(135,57,191,35000,'1'),(136,57,192,45000,'1'),(137,57,193,50000,'1'),(138,57,194,50000,'1'),(139,57,202,65000,'1'),(140,57,204,65000,'1'),(141,57,207,65000,'1'),(142,58,208,65000,'3'),(143,59,180,35000,'2'),(144,59,181,35000,'2'),(145,60,148,35000,'2'),(146,60,149,35000,'2'),(147,60,150,35000,'2'),(148,60,151,35000,'2'),(149,61,153,35000,'3'),(150,62,147,35000,'3'),(151,63,115,500000,'2'),(152,63,116,350000,'2'),(153,64,104,22000,'6'),(154,65,147,35000,'2'),(155,65,148,35000,'1'),(156,65,187,35000,'2'),(157,65,192,45000,'2'),(158,65,193,50000,'2'),(159,66,98,23000,'5'),(160,67,184,35000,'2'),(161,67,188,35000,'2'),(162,68,147,35000,'2'),(163,68,148,35000,'2'),(164,69,153,35000,'3'),(165,69,154,35000,'3'),(166,70,94,250000,'2'),(167,70,96,23000,'2'),(168,71,177,35000,'3'),(169,71,178,35000,'3'),(170,72,132,50000,'4'),(171,73,209,65000,'3'),(172,74,186,35000,'3'),(173,75,112,500000,'2'),(174,75,130,50000,'2'),(175,76,62,35000,'2'),(176,76,63,35000,'3'),(177,77,74,70000,'2'),(178,77,75,70000,'1'),(179,78,13,79000,'3'),(180,78,14,22000,'3'),(181,79,56,300000,'4'),(182,79,59,250000,'3'),(183,80,189,35000,'2'),(196,88,210,65000,'2'),(197,88,211,65000,'3'),(198,88,212,65000,'2'),(199,89,204,65000,'2'),(200,89,205,65000,'2'),(201,90,201,65000,'2'),(202,90,202,65000,'2');
/*!40000 ALTER TABLE `order_detail` ENABLE KEYS */;
UNLOCK TABLES;

--
-- Table structure for table `orders`
--

DROP TABLE IF EXISTS `orders`;
/*!40101 SET @saved_cs_client     = @@character_set_client */;
/*!50503 SET character_set_client = utf8mb4 */;
CREATE TABLE `orders` (
  `order_id` int NOT NULL AUTO_INCREMENT,
  `user_id` int DEFAULT NULL,
  `order_date` datetime DEFAULT NULL,
  `payment_method` varchar(10) DEFAULT NULL,
  PRIMARY KEY (`order_id`),
  KEY `user_id` (`user_id`),
  CONSTRAINT `orders_ibfk_1` FOREIGN KEY (`user_id`) REFERENCES `users` (`user_id`)
) ENGINE=InnoDB AUTO_INCREMENT=94 DEFAULT CHARSET=utf8mb4 COLLATE=utf8mb4_0900_ai_ci;
/*!40101 SET character_set_client = @saved_cs_client */;

--
-- Dumping data for table `orders`
--

LOCK TABLES `orders` WRITE;
/*!40000 ALTER TABLE `orders` DISABLE KEYS */;
INSERT INTO `orders` VALUES (1,1,'2020-02-03 00:00:00','Online'),(2,2,'2020-02-03 00:00:00','Online'),(3,3,'2020-02-03 00:00:00','Online'),(4,4,'2020-02-04 00:00:00','Online'),(5,5,'2020-02-05 00:00:00','Online'),(6,6,'2020-02-05 00:00:00','Online'),(7,7,'2020-02-03 00:00:00','Online'),(8,8,'2020-02-03 00:00:00','Online'),(9,9,'2020-02-03 00:00:00','Online'),(10,10,'2020-02-05 00:00:00','Online'),(11,11,'2023-11-27 22:48:01','Online'),(12,12,'2023-11-02 18:23:48','Online'),(13,13,'2023-11-02 18:23:48','Online'),(14,14,'2023-11-02 18:23:48','Online'),(15,15,'2023-11-02 18:23:49','Online'),(16,16,'2023-11-02 18:26:08','Online'),(17,17,'2023-11-02 18:27:13','Online'),(18,18,'2023-11-02 18:28:20','Online'),(19,19,'2023-11-02 18:42:08','Online'),(20,20,'2023-11-02 18:59:51','Online'),(21,21,'2023-11-02 19:00:29','Online'),(22,22,'2023-11-02 19:01:54','Online'),(23,23,'2023-11-02 19:16:37','Online'),(24,24,'2023-11-06 18:50:49','Online'),(25,25,'2023-11-06 18:51:46','Online'),(26,26,'2023-11-06 20:56:21','Online'),(27,27,'2023-11-06 20:57:27','Online'),(28,28,'2023-11-07 22:49:41','Online'),(29,29,'2023-11-07 22:50:21','Online'),(30,30,'2023-11-07 22:53:30','Online'),(31,31,'2023-11-09 16:07:19','Online'),(32,32,'2023-11-09 16:44:24','Online'),(33,33,'2023-11-09 17:31:08','Online'),(34,34,'2023-11-09 18:20:25','Online'),(35,35,'2023-11-09 18:20:33','Online'),(36,36,'2023-11-09 18:20:39','Online'),(37,37,'2023-11-09 18:20:46','Online'),(38,38,'2023-11-09 18:20:53','Online'),(39,39,'2023-11-09 18:21:01','Online'),(40,40,'2023-11-09 18:21:14','Online'),(41,41,'2023-11-09 18:21:21','Online'),(42,42,'2023-11-09 18:21:38','Online'),(43,43,'2023-11-09 18:21:43','Online'),(44,44,'2023-11-09 18:21:47','Online'),(45,45,'2023-11-09 18:21:54','Online'),(46,46,'2023-11-09 18:21:58','Online'),(47,47,'2023-11-09 18:22:02','Online'),(48,48,'2023-11-09 18:22:06','Online'),(49,49,'2023-11-09 18:22:10','Online'),(50,50,'2023-11-09 18:22:14','Online'),(51,1,'2023-11-09 18:22:16','Online'),(52,2,'2023-11-09 18:22:19','Online'),(53,3,'2023-11-09 18:22:23','Online'),(54,4,'2023-11-09 18:22:31','Online'),(55,5,'2023-11-14 17:05:22','Online'),(56,6,'2023-11-27 22:42:56','Online'),(57,7,'2023-11-27 22:43:08','Online'),(58,8,'2023-11-27 22:43:12','Online'),(59,9,'2023-11-27 22:43:28','Online'),(60,10,'2023-11-27 22:43:49','Online'),(61,11,'2023-11-27 22:43:56','Online'),(62,12,'2023-11-27 22:44:04','Online'),(63,13,'2023-11-27 22:44:12','Online'),(64,14,'2023-11-27 22:44:21','Online'),(65,15,'2023-11-27 22:44:52','Online'),(66,16,'2023-11-27 22:44:58','Online'),(67,17,'2023-11-27 22:45:11','Online'),(68,18,'2023-11-27 22:45:17','Online'),(69,19,'2023-11-27 22:45:25','Online'),(70,20,'2023-11-27 22:45:40','Online'),(71,21,'2023-11-27 22:45:58','Online'),(72,22,'2023-11-27 22:46:09','Online'),(73,23,'2023-11-27 22:46:21','Online'),(74,24,'2023-11-27 22:46:28','Online'),(75,25,'2023-11-27 22:46:36','Online'),(76,26,'2023-11-27 22:46:42','Online'),(77,27,'2023-11-27 22:46:48','Online'),(78,28,'2023-11-27 22:46:58','Online'),(79,29,'2023-11-27 22:47:09','Online'),(80,30,'2023-11-27 22:47:20','Online'),(81,31,'2023-11-27 22:47:23','Online'),(82,32,'2023-11-27 22:47:27','Online'),(83,33,'2023-11-27 22:47:30','Online'),(84,34,'2023-11-27 22:47:39','Online'),(85,35,'2023-11-27 22:47:47','Online'),(86,36,'2023-11-27 22:47:53','Online'),(87,37,'2023-11-27 22:48:01','Online'),(88,38,'2023-11-30 04:17:20','Online'),(89,39,'2023-11-30 04:17:26','Online'),(90,40,'2023-11-30 04:17:33','Online');
/*!40000 ALTER TABLE `orders` ENABLE KEYS */;
UNLOCK TABLES;

--
-- Table structure for table `revenuestatistics`
--

DROP TABLE IF EXISTS `revenuestatistics`;
/*!40101 SET @saved_cs_client     = @@character_set_client */;
/*!50503 SET character_set_client = utf8mb4 */;
CREATE TABLE `revenuestatistics` (
  `stat_id` int NOT NULL AUTO_INCREMENT,
  `store_id` int DEFAULT NULL,
  `year` int NOT NULL,
  `month` int NOT NULL,
  `revenue` decimal(10,2) NOT NULL,
  PRIMARY KEY (`stat_id`),
  KEY `store_id` (`store_id`),
  CONSTRAINT `revenuestatistics_ibfk_1` FOREIGN KEY (`store_id`) REFERENCES `stores` (`store_id`)
) ENGINE=InnoDB DEFAULT CHARSET=utf8mb4 COLLATE=utf8mb4_0900_ai_ci;
/*!40101 SET character_set_client = @saved_cs_client */;

--
-- Dumping data for table `revenuestatistics`
--

LOCK TABLES `revenuestatistics` WRITE;
/*!40000 ALTER TABLE `revenuestatistics` DISABLE KEYS */;
/*!40000 ALTER TABLE `revenuestatistics` ENABLE KEYS */;
UNLOCK TABLES;

--
-- Table structure for table `reviews`
--

DROP TABLE IF EXISTS `reviews`;
/*!40101 SET @saved_cs_client     = @@character_set_client */;
/*!50503 SET character_set_client = utf8mb4 */;
CREATE TABLE `reviews` (
  `review_id` int NOT NULL AUTO_INCREMENT,
  `user_id` int DEFAULT NULL,
  `food_id` int DEFAULT NULL,
  `rating` int NOT NULL,
  `comment` text NOT NULL,
  `created_date` datetime DEFAULT NULL,
  PRIMARY KEY (`review_id`),
  KEY `user_id` (`user_id`),
  KEY `food_id` (`food_id`),
  CONSTRAINT `reviews_ibfk_1` FOREIGN KEY (`user_id`) REFERENCES `users` (`user_id`),
  CONSTRAINT `reviews_ibfk_3` FOREIGN KEY (`food_id`) REFERENCES `foods` (`food_id`)
) ENGINE=InnoDB AUTO_INCREMENT=1669 DEFAULT CHARSET=utf8mb4 COLLATE=utf8mb4_0900_ai_ci;
/*!40101 SET character_set_client = @saved_cs_client */;

--
-- Dumping data for table `reviews`
--

LOCK TABLES `reviews` WRITE;
/*!40000 ALTER TABLE `reviews` DISABLE KEYS */;
INSERT INTO `reviews` VALUES (1,26,14,10,'Hài lòng','2023-11-27 22:48:53'),(2,24,68,9,'ngon lắm','2023-11-27 22:48:53'),(3,25,68,7,'ngon lắm','2023-11-27 22:48:53'),(4,26,68,5,'ngon lắm','2023-11-27 22:48:53'),(5,27,69,4,'ngon lắm','2023-11-27 22:48:53'),(6,28,69,7,'ngon lắm','2023-11-27 22:48:53'),(7,29,69,8,'ngon lắm','2023-11-27 22:48:53'),(8,31,70,5,'ngon lắm','2023-11-27 22:48:53'),(9,32,70,4,'ngon lắm','2023-11-27 22:48:53'),(10,33,70,3,'ngon lắm','2023-11-27 22:48:53'),(11,35,71,5,'ngon lắm','2023-11-27 22:48:53'),(12,36,71,7,'ngon lắm','2023-11-27 22:48:53'),(13,37,71,6,'ngon lắm','2023-11-27 22:48:53'),(14,27,14,9,'Sản phẩm chất lượng','2023-11-03 15:12:27'),(15,31,14,9,'Tốt','2023-11-03 15:12:36'),(16,29,14,8,'Rất hài lòng','2023-11-03 15:12:41'),(17,28,14,1,'Không hợp khẩu vị','2023-11-02 18:23:48'),(18,38,72,6,'ngon lắm','2023-11-27 22:48:53'),(19,39,72,7,'ngon lắm','2023-11-27 22:48:53'),(20,24,72,8,'ngon lắm','2023-11-27 22:48:53'),(21,41,73,9,'ngon lắm','2023-11-27 22:48:53'),(22,42,73,4,'ngon lắm','2023-11-27 22:48:53'),(23,43,73,5,'ngon lắm','2023-11-27 22:48:53'),(24,44,74,6,'ngon lắm','2023-11-27 22:48:53'),(25,45,74,7,'ngon lắm','2023-11-27 22:48:53'),(26,46,74,8,'ngon lắm','2023-11-27 22:48:53'),(27,47,75,9,'ngon lắm','2023-11-27 22:48:53'),(28,48,75,9,'ngon lắm','2023-11-27 22:48:53'),(29,49,75,1,'ngon lắmngon lắm','2023-11-27 22:48:53'),(30,50,75,2,'ngon lắm','2023-11-27 22:48:53'),(31,24,75,3,'ngon lắm','2023-11-27 22:48:53'),(32,25,76,4,'ngon lắm','2023-11-27 22:48:53'),(33,26,76,5,'ngon lắm','2023-11-27 22:48:53'),(34,27,76,6,'ngon lắm','2023-11-27 22:48:53'),(35,28,76,7,'ngon lắm','2023-11-27 22:48:53'),(36,29,77,8,'ngon lắm','2023-11-27 22:48:53'),(37,31,77,9,'ngon lắm','2023-11-27 22:48:53'),(38,32,77,10,'ngon lắm','2023-11-27 22:48:53'),(39,33,77,1,'ngon lắm','2023-11-27 22:48:53'),(40,35,78,2,'ngon lắm','2023-11-27 22:48:53'),(41,36,78,3,'ngon lắm','2023-11-27 22:48:53'),(42,37,78,4,'ngon lắm','2023-11-27 22:48:53'),(43,38,78,5,'ngon lắmngon lắm','2023-11-27 22:48:53'),(44,39,79,6,'ngon lắm','2023-11-27 22:48:53'),(45,24,79,7,'ngon lắm','2023-11-27 22:48:53'),(46,31,14,3,'ahihi ngon lam','2023-11-06 20:56:34'),(47,29,14,9,'ngon lắm nha','2023-11-06 23:34:38'),(48,41,79,8,'ngon lắm','2023-11-27 22:48:53'),(49,42,80,9,'ngon lắmngon lắm','2023-11-27 22:48:53'),(50,43,80,0,'ngon lắm','2023-11-27 22:48:53'),(51,44,80,5,'ngon lắm','2023-11-27 22:48:53'),(52,45,80,7,'ngon lắmngon lắm','2023-11-27 22:48:53'),(53,46,81,8,'ngon lắm','2023-11-27 22:48:53'),(54,47,81,5,'ngon lắm','2023-11-27 22:48:53'),(55,48,81,3,'ngon lắm','2023-11-27 22:48:53'),(56,49,209,7,'ngon lắm','2023-11-27 22:48:53'),(57,50,208,8,'ngon lắmngon lắm','2023-11-27 22:48:53'),(58,24,209,7,'ngon lắm','2023-11-27 22:48:53'),(59,25,208,8,'ngon lắm','2023-11-27 22:48:53'),(60,26,209,6,'ngonngon lắm lắm','2023-11-27 22:48:53'),(61,27,208,4,'ngon lắm','2023-11-27 22:48:53'),(62,28,84,8,'ngon lắm','2023-11-27 22:48:53'),(63,29,84,5,'ngon lắm','2023-11-27 22:48:53'),(64,31,84,5,'ngon lắm','2023-11-27 22:48:53'),(65,32,85,4,'ngon lắm','2023-11-27 22:48:53'),(66,33,85,3,'ngon lắm','2023-11-27 22:48:53'),(67,35,85,6,'ngon lắm','2023-11-27 22:48:53'),(68,36,208,7,'ngon lắm','2023-11-27 22:48:53'),(69,37,207,9,'ngon lắm','2023-11-27 22:48:53'),(70,38,206,8,'ngon lắm','2023-11-27 22:48:53'),(71,39,87,5,'ngon lắm','2023-11-27 22:48:53'),(72,24,87,8,'ngon lắm','2023-11-27 22:48:53'),(73,41,87,8,'ngon lắm','2023-11-27 22:48:53'),(74,42,88,8,'ngon lắm','2023-11-27 22:48:53'),(75,43,88,7,'ngon lắm','2023-11-27 22:48:53'),(76,44,88,5,'ngon lắm','2023-11-27 22:48:53'),(77,45,208,8,'ngon lắm','2023-11-27 22:48:53'),(78,46,207,5,'ngon lắm','2023-11-27 22:48:53'),(79,47,206,5,'ngon lắm','2023-11-27 22:48:53'),(80,48,90,9,'ngon lắm','2023-11-27 22:48:53'),(81,49,90,6,'ngon lắm','2023-11-27 22:48:53'),(82,50,90,4,'ngon lắm','2023-11-27 22:48:53'),(83,24,91,5,'ngon lắm','2023-11-27 22:48:53'),(84,25,91,7,'ngon lắm','2023-11-27 22:48:53'),(85,26,91,8,'ngon lắm','2023-11-27 22:48:53'),(86,27,107,6,'ngon lắm','2023-11-27 22:48:53'),(87,28,108,4,'ngon lắm','2023-11-27 22:48:53'),(88,29,109,7,'ngon lắm','2023-11-27 22:48:53'),(89,25,110,8,'ngon lắm','2023-11-27 22:48:53'),(90,31,93,5,'ngon lắmngon lắm','2023-11-27 22:48:53'),(91,32,93,7,'ngon lắm','2023-11-27 22:48:53'),(92,33,93,8,'ngon lắm','2023-11-27 22:48:53'),(93,25,94,7,'ngon lắm','2023-11-27 22:48:53'),(94,35,94,3,'ngon lắm','2023-11-27 22:48:53'),(95,36,94,5,'ngon lắm','2023-11-27 22:48:53'),(96,37,115,6,'ngon lắm','2023-11-27 22:48:53'),(97,38,116,9,'ngon lắm','2023-11-27 22:48:53'),(98,39,151,9,'ngon lắm','2023-11-27 22:48:53'),(99,41,152,7,'ngon lắm','2023-11-27 22:48:53'),(100,41,96,5,'ngon lắm','2023-11-27 22:48:53'),(101,42,96,6,'ngon lắm','2023-11-27 22:48:53'),(102,43,96,7,'ngon lắm','2023-11-27 22:48:53'),(103,24,18,8,'ngon','2023-11-07 22:45:24'),(104,25,17,6,'ngon','2023-11-07 22:45:37'),(105,26,16,7,'oke','2023-11-07 22:45:43'),(106,27,15,7,'hợp lý','2023-11-07 22:45:48'),(107,28,13,7,'hay','2023-11-07 22:45:55'),(108,29,12,5,'ổn','2023-11-07 22:46:01'),(109,31,11,8,'ngon lắm','2023-11-07 22:46:08'),(110,32,10,9,'ọke','2023-11-07 22:46:15'),(111,33,9,6,'uce','2023-11-07 22:46:21'),(112,35,14,6,'uce lawsm','2023-11-07 22:48:19'),(113,36,17,8,'ahihi','2023-11-07 22:48:29'),(114,37,18,9,'ổn','2023-11-07 22:48:33'),(115,38,16,8,'hay','2023-11-07 22:48:38'),(116,39,15,8,'hehe','2023-11-07 22:48:43'),(117,41,13,9,'haha','2023-11-07 22:48:50'),(118,41,12,8,'oke lắm','2023-11-07 22:48:57'),(119,42,11,7,'hehe','2023-11-07 22:49:02'),(120,43,10,1,'ổn','2023-11-07 22:49:07'),(121,44,9,7,'khong hợp','2023-11-07 22:49:14'),(122,45,18,8,'ahihi','2023-11-07 22:51:16'),(123,46,18,9,'hay','2023-11-07 22:51:20'),(124,47,17,10,'tạm','2023-11-07 22:51:29'),(125,48,17,7,'hay','2023-11-07 22:51:33'),(126,49,16,7,'uce ','2023-11-07 22:51:39'),(127,50,16,8,'hay','2023-11-07 22:51:42'),(128,24,15,8,'tạm ','2023-11-07 22:51:48'),(129,25,15,9,'rất uce','2023-11-07 22:51:54'),(130,26,14,10,'hay lắm','2023-11-07 22:52:01'),(131,27,13,10,'khá ổn','2023-11-07 22:52:08'),(132,28,13,7,'ko ổn','2023-11-07 22:52:11'),(133,29,12,6,'hay','2023-11-07 22:52:19'),(134,31,12,8,'hehe','2023-11-07 22:52:22'),(135,32,11,9,'uce nha','2023-11-07 22:52:29'),(136,33,11,10,'hay','2023-11-07 22:52:33'),(137,35,10,8,'cơm ngon','2023-11-07 22:52:40'),(138,36,10,10,'gạo ngon','2023-11-07 22:52:46'),(139,37,9,10,'hợp lý','2023-11-07 22:52:52'),(140,38,9,5,'hay','2023-11-07 22:52:57'),(141,39,16,10,'ngon lawms nha','2023-11-08 20:57:14'),(142,25,39,10,'ngon nha','2023-11-09 17:46:54'),(143,41,38,10,'ngon','2023-11-09 17:47:01'),(144,42,37,10,'ngon','2023-11-09 17:47:07'),(145,43,36,10,'ngon','2023-11-09 17:47:12'),(146,45,35,10,'ngon','2023-11-09 17:47:16'),(147,46,34,9,'ngon','2023-11-09 17:47:21'),(148,47,33,9,'ngon','2023-11-09 17:47:27'),(149,48,32,10,'ngon','2023-11-09 17:47:37'),(150,49,31,9,'ngon','2023-11-09 17:47:46'),(151,35,30,8,'ngon','2023-11-09 17:47:52'),(152,24,29,8,'ngon','2023-11-09 17:47:57'),(153,25,28,8,'ngon','2023-11-09 17:48:03'),(154,26,26,8,'ngon','2023-11-09 17:48:12'),(155,27,25,8,'ngon','2023-11-09 17:48:19'),(156,28,27,8,'ngon','2023-11-09 17:48:27'),(157,29,24,8,'ngon','2023-11-09 17:48:41'),(158,31,23,8,'ngon lam','2023-11-09 17:48:47'),(159,32,21,9,'ngon','2023-11-09 17:48:57'),(160,33,20,9,'ngon','2023-11-09 17:49:03'),(161,35,19,8,'ngon','2023-11-09 17:49:10'),(162,24,48,7,'ngon lắm','2023-11-09 18:02:51'),(163,25,48,8,'ngon cực','2023-11-09 18:02:55'),(164,26,48,9,'ngon nha','2023-11-09 18:02:59'),(165,27,48,10,'ngon nhiều','2023-11-09 18:03:03'),(166,28,48,7,'tạm ổn','2023-11-09 18:03:06'),(167,29,47,9,'nhiều đồ ăn','2023-11-09 18:03:16'),(168,31,47,10,'ổn','2023-11-09 18:03:19'),(169,32,47,8,'rất ngon','2023-11-09 18:03:24'),(170,33,47,8,'giá hợp lý','2023-11-09 18:03:27'),(171,35,47,9,'hay','2023-11-09 18:03:29'),(172,35,46,9,'rất ngon','2023-11-09 18:03:36'),(173,36,46,9,'tuyệt vời','2023-11-09 18:03:40'),(174,37,46,10,'nhậu hết sảy','2023-11-09 18:03:44'),(175,38,46,8,'chơi hết mình','2023-11-09 18:03:48'),(176,39,46,9,'Đô bất tử','2023-11-09 18:03:54'),(177,36,45,9,'tỉnh ngủ','2023-11-09 18:04:02'),(178,41,45,10,'không gian đẹp','2023-11-09 18:04:06'),(179,42,45,8,'trang trí oke','2023-11-09 18:04:12'),(180,43,45,9,'nhân viên xinh','2023-11-09 18:04:17'),(181,44,45,10,'ngon','2023-11-09 18:04:25'),(182,45,44,9,'giá hợp lý','2023-11-09 18:04:31'),(183,46,44,10,'rất ổn','2023-11-09 18:04:36'),(184,47,44,9,'dành cho người không thích ồn ào','2023-11-09 18:04:47'),(185,48,44,9,'oke','2023-11-09 18:04:49'),(186,49,44,10,'được','2023-11-09 18:04:51'),(187,50,43,10,'tỉnh ngủ','2023-11-09 18:04:59'),(188,24,43,10,'quán đẹp','2023-11-09 18:05:02'),(189,25,43,8,'phù hợp ngày cuói tuần','2023-11-09 18:05:07'),(190,26,43,9,'okela','2023-11-09 18:05:10'),(191,27,43,10,'quán xinh','2023-11-09 18:05:12'),(192,28,42,9,'cà phê ngon','2023-11-09 18:05:23'),(193,29,42,10,'uống ngon','2023-11-09 18:05:31'),(194,31,42,9,'tạm ổn','2023-11-09 18:05:34'),(195,32,42,9,'rất oke','2023-11-09 18:05:38'),(196,33,42,10,'hay','2023-11-09 18:05:39'),(197,35,41,10,'đen đá','2023-11-09 18:05:45'),(198,36,41,9,'không đường','2023-11-09 18:05:48'),(199,37,41,8,'hợp gu','2023-11-09 18:05:51'),(200,38,41,9,'sẽ quay lại','2023-11-09 18:05:54'),(201,39,41,9,'hay','2023-11-09 18:05:55'),(202,42,40,9,'đẹp','2023-11-09 18:06:09'),(203,41,40,9,'hợp','2023-11-09 18:06:12'),(204,42,40,9,'tốt','2023-11-09 18:06:14'),(205,43,40,10,'hay','2023-11-09 18:06:16'),(206,44,40,10,'ngon','2023-11-09 18:06:18'),(207,45,39,10,'ngon cực','2023-11-09 18:06:29'),(208,46,39,9,'hợp','2023-11-09 18:06:31'),(209,47,39,9,'sẽ tới ','2023-11-09 18:06:34'),(210,48,39,10,'tiến bộ','2023-11-09 18:06:40'),(211,49,38,9,'nhân viên lịch sự','2023-11-09 18:06:55'),(212,50,38,10,'nhân viên quán lễ phép','2023-11-09 18:07:03'),(213,24,38,9,'nước ngon','2023-11-09 18:07:06'),(214,25,38,10,'giá hợp lý','2023-11-09 18:07:10'),(215,26,37,10,'uống được','2023-11-09 18:07:19'),(216,27,37,8,'tạm ổn ','2023-11-09 18:07:27'),(217,28,37,9,'hay','2023-11-09 18:07:30'),(218,29,37,7,'ngon','2023-11-09 18:07:33'),(219,31,36,9,'ngon lắm','2023-11-09 18:07:49'),(220,32,36,9,'oke','2023-11-09 18:07:50'),(221,33,36,0,'hay','2023-11-09 18:07:52'),(222,35,36,0,'dở','2023-11-09 18:07:56'),(223,36,35,9,'ngon','2023-11-09 18:08:03'),(224,37,35,8,'hợp','2023-11-09 18:08:06'),(225,38,35,9,'oke','2023-11-09 18:08:08'),(226,39,34,4,'tạm','2023-11-09 18:08:15'),(227,31,34,9,'ngon','2023-11-09 18:08:17'),(228,41,34,9,'uce','2023-11-09 18:08:18'),(229,42,34,11,'giá hợp lý','2023-11-09 18:08:22'),(230,43,33,12,'ngon','2023-11-09 18:09:34'),(231,44,33,10,'được','2023-11-09 18:14:52'),(232,45,33,9,'oce nè','2023-11-09 18:14:58'),(233,46,33,9,'ngon','2023-11-09 18:15:00'),(234,47,33,6,'hehe','2023-11-09 18:15:04'),(235,48,32,8,'ổn','2023-11-09 18:15:22'),(236,49,32,8,'tốt','2023-11-09 18:15:25'),(237,25,32,9,'được','2023-11-09 18:15:26'),(238,50,32,9,'hihi','2023-11-09 18:15:28'),(239,24,32,1,'hehe','2023-11-09 18:15:30'),(240,25,31,9,'ngon','2023-11-09 18:15:37'),(241,26,31,10,'hợp lý','2023-11-09 18:15:39'),(242,27,31,9,'sẽ quay lại','2023-11-09 18:15:42'),(243,28,31,8,'hihi','2023-11-09 18:15:44'),(244,29,30,7,'hay','2023-11-09 18:15:55'),(245,31,30,9,'ngon','2023-11-09 18:15:57'),(246,32,30,9,'ổn','2023-11-09 18:15:58'),(247,33,30,0,'đc','2023-11-09 18:16:00'),(248,35,29,7,'ngon lắm','2023-11-09 18:16:07'),(249,36,29,9,'uce','2023-11-09 18:16:08'),(250,37,29,0,'hay','2023-11-09 18:16:10'),(251,38,29,9,'tốt','2023-11-09 18:16:12'),(252,39,28,8,'đồ ăn ổn','2023-11-09 18:16:21'),(253,25,28,9,'ngon','2023-11-09 18:16:23'),(254,41,28,8,'revi','2023-11-09 18:16:26'),(255,42,28,7,'hay','2023-11-09 18:16:27'),(256,43,27,4,'tạm','2023-11-09 18:16:36'),(257,44,27,0,'dở','2023-11-09 18:16:38'),(258,45,27,7,'không có trứng cút','2023-11-09 18:16:49'),(259,46,27,8,'ko ngon','2023-11-09 18:16:55'),(260,47,26,10,'được','2023-11-09 18:17:12'),(261,48,26,10,'ngon','2023-11-09 18:17:13'),(262,49,26,9,'tạm','2023-11-09 18:17:15'),(263,50,26,8,'hợp lý','2023-11-09 18:17:17'),(264,24,25,10,'sang','2023-11-09 18:17:25'),(265,25,25,10,'ngon','2023-11-09 18:17:26'),(266,26,25,10,'đồng ý','2023-11-09 18:17:28'),(267,27,25,10,'hơi mắc','2023-11-09 18:17:30'),(268,28,24,10,'hợp lý','2023-11-09 18:17:36'),(269,29,24,10,'ngon','2023-11-09 18:17:37'),(270,31,24,9,'hay ','2023-11-09 18:17:39'),(271,32,24,9,'đẹp','2023-11-09 18:17:44'),(272,33,23,10,'ngong','2023-11-09 18:17:53'),(273,35,23,9,'ổn','2023-11-09 18:17:56'),(274,35,23,8,'hay','2023-11-09 18:17:57'),(275,36,23,7,'đc','2023-11-09 18:17:59'),(276,37,22,7,'giá ổn','2023-11-09 18:18:15'),(277,38,22,9,'nhanh','2023-11-09 18:18:17'),(278,39,22,10,'ngon','2023-11-09 18:18:19'),(279,36,22,10,'tốt','2023-11-09 18:18:21'),(280,41,21,8,'mì ngon','2023-11-09 18:18:33'),(281,42,21,9,'nước ngon','2023-11-09 18:18:52'),(282,43,21,5,'hay','2023-11-09 18:18:56'),(283,44,21,8,'tốt','2023-11-09 18:18:57'),(284,45,20,9,'hợp lý','2023-11-09 18:19:10'),(285,46,20,10,'ngon','2023-11-09 18:19:13'),(286,47,20,4,'tạm ổn','2023-11-09 18:19:16'),(287,48,20,0,'không hợp','2023-11-09 18:19:18'),(288,49,19,10,'chất lượng','2023-11-09 18:19:26'),(289,50,19,8,'nhiều tôm','2023-11-09 18:19:29'),(290,24,19,9,'nhiều topiing','2023-11-09 18:19:33'),(291,25,19,10,'ngon','2023-11-09 18:19:35'),(292,24,44,6,'ahihi','2023-11-14 16:10:51'),(293,25,44,5,'ngon nha','2023-11-14 16:11:20'),(294,26,43,7,'ổn áp','2023-11-14 16:11:42'),(295,27,45,6,'không gian xink','2023-11-14 17:03:18'),(296,28,39,9,'mới lạ','2023-11-14 17:04:52'),(297,24,37,8,'giá cả hợp lý','2023-11-14 17:07:23'),(298,31,37,9,'ngon','2023-11-14 17:12:27'),(299,32,37,6,'ahihi','2023-11-14 17:13:36'),(300,33,31,9,'hehe','2023-11-14 17:17:47'),(301,35,31,9,'rất ngon','2023-11-14 17:22:38'),(302,36,46,10,'hihi','2023-11-14 17:25:55'),(303,37,46,10,'đô bất tỉnh','2023-11-14 17:27:57'),(304,24,46,10,'hehe','2023-11-14 17:33:15'),(305,24,36,10,'ngon nha','2023-11-14 17:34:10'),(306,25,36,6,'ăn tạm','2023-11-14 17:34:26'),(307,26,36,7,'được','2023-11-14 17:34:54'),(308,27,32,8,'ngon lắm','2023-11-14 17:37:12'),(309,28,32,10,'được','2023-11-14 17:37:16'),(310,29,56,7,'ngon','2023-11-27 22:48:53'),(311,29,56,8,'ngon nha','2023-11-27 22:48:56'),(312,29,56,9,'ngon','2023-11-27 22:49:00'),(317,31,56,10,'ngon','2023-11-27 22:48:53'),(318,41,56,9,'ngon','2023-11-27 22:48:53'),(319,42,57,5,'bình thường','2023-11-27 22:48:53'),(320,43,57,10,'ngon','2023-11-27 22:48:53'),(321,44,57,9,'ngon lắm','2023-11-27 22:48:53'),(322,45,58,6,'ngon lắm','2023-11-27 22:48:53'),(323,46,58,5,'ngon lắm','2023-11-27 22:48:53'),(324,47,58,5,'ngon lắm','2023-11-27 22:48:53'),(325,48,59,9,'ngon lắm','2023-11-27 22:48:53'),(326,49,59,4,'ngon lắm','2023-11-27 22:48:53'),(327,50,59,4,'ngon lắm','2023-11-27 22:48:53'),(328,24,60,7,'ngon lắm','2023-11-27 22:48:53'),(329,25,60,9,'ngon lắm','2023-11-27 22:48:53'),(330,26,60,4,'ngon lắm','2023-11-27 22:48:53'),(331,27,60,4,'ngon lắm','2023-11-27 22:48:53'),(332,28,61,7,'ngon lắm','2023-11-27 22:48:53'),(333,29,61,8,'ngon lắm','2023-11-27 22:48:53'),(334,31,61,6,'ngon lắm','2023-11-27 22:48:53'),(335,32,62,7,'ngon lắm','2023-11-27 22:48:53'),(336,33,62,4,'ngon lắm','2023-11-27 22:48:53'),(337,35,62,7,'ngon lắm','2023-11-27 22:48:53'),(338,36,62,9,'ngon lắm','2023-11-27 22:48:53'),(339,37,63,9,'ngon lắm','2023-11-27 22:48:53'),(340,38,63,4,'ngon lắm','2023-11-27 22:48:53'),(341,39,63,7,'ngon lắm','2023-11-27 22:48:53'),(342,24,64,8,'ngon lắm','2023-11-27 22:48:53'),(343,41,64,9,'ngon lắm','2023-11-27 22:48:53'),(344,42,64,6,'ngon lắm','2023-11-27 22:48:53'),(345,43,65,4,'ngon lắm','2023-11-27 22:48:53'),(346,44,65,7,'ngon lắm','2023-11-27 22:48:53'),(347,45,65,7,'ngon lắm','2023-11-27 22:48:53'),(348,46,66,9,'ngon lắm','2023-11-27 22:48:53'),(349,47,66,0,'ngon lắm','2023-11-27 22:48:53'),(350,48,67,6,'ngon lắm','2023-11-27 22:48:53'),(351,49,67,5,'ngon lắm','2023-11-27 22:48:53'),(352,50,67,8,'ngon lắm','2023-11-27 22:48:53'),(353,44,97,8,'ngon lắm','2023-11-27 22:48:53'),(354,45,97,6,'ngon lắm','2023-11-27 22:48:53'),(356,47,97,5,'ngon lắmngon lắm','2023-11-27 22:48:53'),(357,48,98,6,'ngon lắm','2023-11-27 22:48:53'),(358,49,98,7,'ngon lắm','2023-11-27 22:48:53'),(359,50,98,8,'ngon lắm','2023-11-27 22:48:53'),(360,24,99,9,'ngon lắm','2023-11-27 22:48:53'),(361,25,99,7,'ngon lắm','2023-11-27 22:48:53'),(362,26,99,5,'ngon lắm','2023-11-27 22:48:53'),(363,27,99,4,'ngon lắm','2023-11-27 22:48:53'),(364,28,100,4,'ngon lắm','2023-11-27 22:48:53'),(365,39,100,6,'ngon lắm','2023-11-27 22:48:53'),(366,31,100,9,'ngon lắm','2023-11-27 22:48:53'),(367,32,100,8,'ngon lắm','2023-11-27 22:48:53'),(368,33,100,7,'ngon lắm','2023-11-27 22:48:53'),(369,35,98,1,'dở','2023-11-27 22:48:53'),(370,36,90,1,'tệ','2023-11-27 22:48:53'),(371,37,80,1,'không ngon','2023-11-27 22:48:53'),(372,38,70,1,'dở','2023-11-27 22:48:53'),(373,46,97,4,'ngon lắm','2023-11-27 22:48:53'),(374,47,101,8,'ngon lắm','2023-11-27 22:48:53'),(375,48,101,9,'ngon lắm','2023-11-27 22:48:53'),(376,49,101,6,'ngon lắm','2023-11-27 22:48:53'),(377,50,102,6,'ngon lắm','2023-11-27 22:48:53'),(378,1,102,9,'ngon lắmngon lắm','2023-11-27 22:48:53'),(379,2,103,9,'ngon lắm','2023-11-27 22:48:53'),(380,3,103,7,'ngon lắm','2023-11-27 22:48:53'),(381,4,104,6,'ngon lắm','2023-11-27 22:48:53'),(382,5,104,8,'ngon lắm','2023-11-27 22:48:53'),(383,6,105,9,'ngon lắm','2023-11-27 22:48:53'),(384,7,105,0,'ngon lắm','2023-11-27 22:48:53'),(385,8,106,7,'ngon lắm','2023-11-27 22:48:53'),(386,9,106,5,'ngon lắm','2023-11-27 22:48:53'),(387,10,106,5,'ngon lắm','2023-11-27 22:48:53'),(388,11,107,7,'ngon lắm','2023-11-27 22:48:53'),(389,12,107,8,'ngon lắm','2023-11-27 22:48:53'),(390,13,107,9,'ngon lắm','2023-11-27 22:48:53'),(391,14,108,9,'ngon lắm','2023-11-27 22:48:53'),(392,15,108,7,'ngon lắm','2023-11-27 22:48:53'),(393,16,108,6,'ngon lắm','2023-11-27 22:48:53'),(394,17,109,8,'ngon lắm','2023-11-27 22:48:53'),(395,18,109,9,'ngon lắm','2023-11-27 22:48:53'),(396,19,109,8,'ngon lắmngon lắm','2023-11-27 22:48:53'),(397,20,110,6,'ngon lắm','2023-11-27 22:48:53'),(398,21,110,7,'ngon lắm','2023-11-27 22:48:53'),(399,22,110,6,'ngon lắm','2023-11-27 22:48:53'),(400,23,111,9,'ngon lắm','2023-11-27 22:48:53'),(401,24,111,7,'ngon lắm','2023-11-27 22:48:53'),(402,25,111,6,'ngon lắmngon lắm','2023-11-27 22:48:53'),(403,26,112,5,'ngon lắm','2023-11-27 22:48:53'),(404,26,113,7,'ngon lắm','2023-11-27 22:48:53'),(405,27,113,8,'ngon lắm','2023-11-27 22:48:53'),(406,28,113,9,'ngon lắm','2023-11-27 22:48:53'),(407,29,113,7,'ngon lắm','2023-11-27 22:48:53'),(408,30,114,8,'ngon lắm','2023-11-27 22:48:53'),(409,31,114,9,'ngon lắm','2023-11-27 22:48:53'),(410,32,114,9,'ngon lắm','2023-11-27 22:48:53'),(411,33,115,7,'ngon lắm','2023-11-27 22:48:53'),(412,34,115,6,'ngon lắm','2023-11-27 22:48:53'),(413,35,115,7,'ngon lắm','2023-11-27 22:48:53'),(414,36,116,8,'ngon ngon lắmlắm','2023-11-27 22:48:53'),(415,37,116,9,'ngon lắm','2023-11-27 22:48:53'),(416,38,116,7,'ngon lắmngon lắm','2023-11-27 22:48:53'),(417,39,117,6,'ngon lắm','2023-11-27 22:48:53'),(418,40,117,6,'ngon lắm','2023-11-27 22:48:53'),(419,41,117,7,'ngon lắm','2023-11-27 22:48:53'),(420,42,118,8,'ngon lắm','2023-11-27 22:48:53'),(421,43,118,9,'ngon lắm','2023-11-27 22:48:53'),(422,44,118,6,'ngon lắm','2023-11-27 22:48:53'),(423,45,119,8,'ngon lắm','2023-11-27 22:48:53'),(424,46,119,7,'ngon lắm','2023-11-27 22:48:53'),(425,47,119,8,'ngon lắm','2023-11-27 22:48:53'),(426,48,120,7,'ngon lắm','2023-11-27 22:48:53'),(427,49,120,9,'ngon lắm','2023-11-27 22:48:53'),(428,50,120,9,'ngon lắm','2023-11-27 22:48:53'),(429,1,121,7,'ngon lắm','2023-11-27 22:48:53'),(430,2,121,9,'ngon lắm','2023-11-27 22:48:53'),(431,3,121,8,'ngon lắm','2023-11-27 22:48:53'),(432,4,122,8,'ngon lắm','2023-11-27 22:48:53'),(433,5,122,7,'ngon lắm','2023-11-27 22:48:53'),(434,6,122,6,'ngonngon lắm lắm','2023-11-27 22:48:53'),(435,7,123,6,'ngon lắm','2023-11-27 22:48:53'),(436,8,123,7,'ngon lắm','2023-11-27 22:48:53'),(437,9,123,8,'ngon lắm','2023-11-27 22:48:53'),(438,10,124,8,'ngon lắm','2023-11-27 22:48:53'),(439,11,124,9,'ngon lắm','2023-11-27 22:48:53'),(440,12,124,7,'ngon lắm','2023-11-27 22:48:53'),(441,13,125,7,'ngon lắmngon lắm','2023-11-27 22:48:53'),(442,14,125,8,'ngon lắngon lắmm','2023-11-27 22:48:53'),(443,15,125,9,'ngon lắm','2023-11-27 22:48:53'),(444,16,126,9,'ngon lắm','2023-11-27 22:48:53'),(445,17,126,7,'ngon lắm','2023-11-27 22:48:53'),(446,18,126,6,'ngon lắm','2023-11-27 22:48:53'),(447,19,127,6,'ngon lắm','2023-11-27 22:48:53'),(448,20,127,7,'ngon lắm','2023-11-27 22:48:53'),(449,21,127,8,'ngon lắm','2023-11-27 22:48:53'),(450,22,127,0,'ngon lắm','2023-11-27 22:48:53'),(451,23,128,9,'ngon lắm','2023-11-27 22:48:53'),(452,24,128,0,'ngon lắm','2023-11-27 22:48:53'),(453,25,128,8,'ngon lắm','2023-11-27 22:48:53'),(454,26,129,6,'ngon lắm','2023-11-27 22:48:53'),(455,27,129,7,'ngon lắm','2023-11-27 22:48:53'),(456,28,129,9,'ngon lắmngon lắm','2023-11-27 22:48:53'),(457,29,130,9,'ngon lắm','2023-11-27 22:48:53'),(458,30,130,9,'ngon lắm','2023-11-27 22:48:53'),(459,31,130,6,'ngon lắm','2023-11-27 22:48:53'),(460,32,131,5,'ngon lắm','2023-11-27 22:48:53'),(461,33,131,8,'ngon lắm','2023-11-27 22:48:53'),(462,34,131,1,'dở','2023-11-27 22:48:53'),(463,35,132,1,'ngon lắm','2023-11-27 22:48:53'),(464,36,133,2,'ngon lắm','2023-11-27 22:48:53'),(465,37,134,3,'ngon lắm','2023-11-27 22:48:53'),(466,38,135,4,'ngon lắm','2023-11-27 22:48:53'),(467,39,136,5,'ngon lắm','2023-11-27 22:48:53'),(468,40,137,6,'ngon lắmngon lắm','2023-11-27 22:48:53'),(469,41,138,7,'ngon lắm','2023-11-27 22:48:53'),(470,42,139,8,'ngon lắmngon lắm','2023-11-27 22:48:53'),(471,43,140,9,'ngon lắm','2023-11-27 22:48:53'),(472,44,141,1,'ngon lắm','2023-11-27 22:48:53'),(473,45,142,2,'ngon lắm','2023-11-27 22:48:53'),(474,46,143,3,'ngon lắm','2023-11-27 22:48:53'),(475,47,144,4,'ngon lắm','2023-11-27 22:48:53'),(476,48,145,5,'ngon lắm','2023-11-27 22:48:53'),(477,49,146,6,'ngon lắm','2023-11-27 22:48:53'),(478,50,147,7,'ngon lắm','2023-11-27 22:48:53'),(479,1,148,8,'ngon lắm','2023-11-27 22:48:53'),(480,2,149,9,'ngon lắm','2023-11-27 22:48:53'),(481,3,150,1,'ngon lắm','2023-11-27 22:48:53'),(482,4,151,2,'ngon lắm','2023-11-27 22:48:53'),(483,5,152,3,'ngon lắm','2023-11-27 22:48:53'),(484,7,153,4,'ngon lắm','2023-11-27 22:48:53'),(485,7,154,5,'ngon lắm','2023-11-27 22:48:53'),(486,8,155,6,'ngon lắm','2023-11-27 22:48:53'),(487,9,156,7,'ngon lắmngon lắm','2023-11-27 22:48:53'),(488,10,157,7,'ngon lắm','2023-11-27 22:48:53'),(489,11,158,8,'ngon lắm','2023-11-27 22:48:53'),(490,12,159,9,'ngon lắm','2023-11-27 22:48:53'),(491,13,160,1,'ngon lắm','2023-11-27 22:48:53'),(492,14,161,2,'ngon lắm','2023-11-27 22:48:53'),(493,15,162,3,'ngon lắm','2023-11-27 22:48:53'),(494,16,163,4,'ngon lắm','2023-11-27 22:48:53'),(495,17,164,5,'ngon lắm','2023-11-27 22:48:53'),(496,18,165,6,'ngon lắm','2023-11-27 22:48:53'),(497,19,166,7,'ngon lắm','2023-11-27 22:48:53'),(498,20,167,7,'ngon lắm','2023-11-27 22:48:53'),(499,21,168,8,'ngon lắm','2023-11-27 22:48:53'),(500,22,169,9,'ngon lắm','2023-11-27 22:48:53'),(501,23,170,0,'ngon lắm','2023-11-27 22:48:53'),(502,24,171,1,'ngon lắm','2023-11-27 22:48:53'),(503,25,172,2,'ngon lắm','2023-11-27 22:48:53'),(504,26,173,3,'ngon lắm','2023-11-27 22:48:53'),(505,27,174,4,'ngon lắmngon lắm','2023-11-27 22:48:53'),(506,28,175,5,'ngon lắm','2023-11-27 22:48:53'),(507,29,176,6,'ngon lắm','2023-11-27 22:48:53'),(508,30,177,7,'ngon lắm','2023-11-27 22:48:53'),(509,31,178,8,'ngon lắm','2023-11-27 22:48:53'),(510,32,179,8,'ngon lắm','2023-11-27 22:48:53'),(511,33,180,0,'ngon lắm','2023-11-27 22:48:53'),(512,34,181,1,'ngon lắm','2023-11-27 22:48:53'),(513,35,182,2,'ngon lắm','2023-11-27 22:48:53'),(514,36,183,3,'ngon lắm','2023-11-27 22:48:53'),(515,37,184,4,'ngon lắm','2023-11-27 22:48:53'),(516,38,185,5,'ngon lắm','2023-11-27 22:48:53'),(517,39,186,6,'ngon lắm','2023-11-27 22:48:53'),(518,40,187,6,'ngon lắm','2023-11-27 22:48:53'),(519,41,188,7,'ngon lắm','2023-11-27 22:48:53'),(520,42,190,8,'ngon lắm','2023-11-27 22:48:53'),(521,43,191,9,'ngon lắm','2023-11-27 22:48:53'),(522,44,192,0,'ngon lắm','2023-11-27 22:48:53'),(523,45,193,1,'ngon lắm','2023-11-27 22:48:53'),(524,46,194,2,'ngon lắm','2023-11-27 22:48:53'),(525,47,195,3,'ngon lắm','2023-11-27 22:48:53'),(526,48,196,4,'ngon lắm','2023-11-27 22:48:53'),(527,49,197,5,'ngon lắm','2023-11-27 22:48:53'),(528,50,198,8,'ngon lắm','2023-11-27 22:48:53'),(529,1,199,9,'ngon lắm','2023-11-27 22:48:53'),(530,2,200,8,'ngon lắm','2023-11-27 22:48:53'),(531,3,201,0,'ngon lắm','2023-11-27 22:48:53'),(532,4,202,1,'ngon lắmngon lắm','2023-11-27 22:48:53'),(533,5,203,2,'ngon lắm','2023-11-27 22:48:53'),(534,6,204,3,'ngon lắm','2023-11-27 22:48:53'),(535,7,205,4,'ngon lắm','2023-11-27 22:48:53'),(536,8,206,5,'ngon lắm','2023-11-27 22:48:53'),(537,9,207,6,'ngon lắm','2023-11-27 22:48:53'),(538,10,208,7,'ngon lắm','2023-11-27 22:48:53'),(539,11,209,8,'ngon lắm','2023-11-27 22:48:53'),(540,12,210,9,'ngon lắm','2023-11-27 22:48:53'),(541,13,211,0,'ngon lắm','2023-11-27 22:48:53'),(542,15,212,1,'ngon lắm','2023-11-27 22:48:53'),(543,16,212,9,'ngon lắm','2023-11-27 22:48:53'),(1666,29,208,0,'dở','2023-11-30 11:50:42'),(1667,29,206,10,'vô cùng ngon','2023-11-30 11:51:07');
/*!40000 ALTER TABLE `reviews` ENABLE KEYS */;
UNLOCK TABLES;

--
-- Table structure for table `stores`
--

DROP TABLE IF EXISTS `stores`;
/*!40101 SET @saved_cs_client     = @@character_set_client */;
/*!50503 SET character_set_client = utf8mb4 */;
CREATE TABLE `stores` (
  `store_id` int NOT NULL AUTO_INCREMENT,
  `name` varchar(100) NOT NULL,
  `imgfoodstore` varchar(255) NOT NULL,
  `location` varchar(200) DEFAULT NULL,
  `latitude` decimal(10,8) DEFAULT NULL,
  `longitude` decimal(11,8) DEFAULT NULL,
  PRIMARY KEY (`store_id`)
) ENGINE=InnoDB AUTO_INCREMENT=56 DEFAULT CHARSET=utf8mb4 COLLATE=utf8mb4_0900_ai_ci;
/*!40101 SET character_set_client = @saved_cs_client */;

--
-- Dumping data for table `stores`
--

LOCK TABLES `stores` WRITE;
/*!40000 ALTER TABLE `stores` DISABLE KEYS */;
INSERT INTO `stores` VALUES (1,'Bánh Mì Má Hải - Vĩnh Viễn','https://images.foody.vn/res/g10/95580/prof/s640x400/foody-upload-api-foody-mobile-banh-mi-cha-ca-dac-b-180417142723.jpg','187 Vĩnh Viễn, P. 4, Quận 10, TP. HCM',NULL,NULL),(2,'Trà Sữa Mộc','https://images.foody.vn/res/g102/1013400/prof/s640x400/file_restaurant_photo_oowe_16146-6a83a1c0-210302183441.jpg','100 Đường D5, P. 25, Bình Thạnh, TP. HCM',NULL,NULL),(3,'Cơm Cánh Gà Nướng A Đỉnh','https://images.foody.vn/res/g118/1176222/prof/s640x400/foody-upload-api-foody-mobile-co-cf6ad076-230705181639.jpg','15D Ngô Quang Huy, P. Thảo Điền, Thành Phố Thủ Đức, TP. HCM',NULL,NULL),(4,'Hansan - Cơm & Mì Trộn Hàn Quốc','https://images.foody.vn/res/g117/1168380/prof/s576x330/foody-upload-api-foody-mobile-hi-23cee0ed-230420100156.jpeg','25/26 Nguyễn Bỉnh Khiêm, P. Bến Nghé,  Quận 1, TP. HCM',NULL,NULL),(5,'Cháo ếch - Singapore','https://res.cloudinary.com/dh8iyyll9/image/upload/v1694097407/uue6sbubui5y7t4yhoeg.jpg','7 Hoàng Hoa Thám, P. 6, Bình Thạnh, TP. HCM',NULL,NULL),(6,'Yumi - Trà Sữa & Milo Dầm Trân Châu','https://images.foody.vn/res/g105/1044554/prof/s576x330/foody-upload-api-foody-mobile-22-200929150032.jpg','237/65/12 Phạm Văn Chiêu, P. 14,  Quận Gò Vấp, TP. HCM',NULL,NULL),(7,'Trà sữa Trân châu','https://res.cloudinary.com/dh8iyyll9/image/upload/v1699526701/w8gxkmdzpatgexgdof9f.jpg','7 Ngô Gia Tự TPHCM',NULL,NULL),(8,'Trà sữa giảm cân','https://res.cloudinary.com/dh8iyyll9/image/upload/v1699526701/w8gxkmdzpatgexgdof9f.jpg','7 Ngô Gia Tự TPHCM',NULL,NULL),(9,'bánh tráng bà bầu','https://res.cloudinary.com/dh8iyyll9/image/upload/v1699526003/m10kkebxiaskolp5c5si.jpg','7 Ngô Gia Tự TPHCM',NULL,NULL),(10,'bánh tráng bà già','https://res.cloudinary.com/dh8iyyll9/image/upload/v1699526003/m10kkebxiaskolp5c5si.jpg','7 Ngô Gia Tự TPHCM',NULL,NULL),(11,'bánh tráng bà gầy','https://res.cloudinary.com/dh8iyyll9/image/upload/v1699526003/m10kkebxiaskolp5c5si.jpg','7 Ngô Gia Tự TPHCM',NULL,NULL),(12,'Cơm Cánh Gà Nướng','https://images.foody.vn/res/g118/1176222/prof/s640x400/foody-upload-api-foody-mobile-co-cf6ad076-230705181639.jpg','7 Ngô Gia Tự TPHCM',NULL,NULL),(13,'Mì cay Naga','https://res.cloudinary.com/dh8iyyll9/image/upload/v1699523467/cp5hr4kapo7fmvd7dbld.jpg','15 đường 3/2 Quận 10 Tp HCM',NULL,NULL),(14,'Bò tơ củ chi','https://res.cloudinary.com/dh8iyyll9/image/upload/v1699525409/j4xulmpfrwl06imu4rpp.jpg','21/5 Đỗ Văn Dậy thành phố HCM',NULL,NULL),(15,'bánh tráng trộn','https://res.cloudinary.com/dh8iyyll9/image/upload/v1699526003/m10kkebxiaskolp5c5si.jpg','5/16 Lý thường kiệt Quận Tân Bình Tp HCM',NULL,NULL),(16,'Mì Gà','https://res.cloudinary.com/dh8iyyll9/image/upload/v1699526355/siqkq4itna4zesgzxmol.png','7/18 bình Thạnh Tp HCM',NULL,NULL),(17,'Trà Sữa Phúc Long','https://res.cloudinary.com/dh8iyyll9/image/upload/v1699526701/w8gxkmdzpatgexgdof9f.jpg','23 Lê Trọng Tấn Tân Phú Tp Hồ Chí Minh',NULL,NULL),(18,'Cà phê thiên nhiên','https://res.cloudinary.com/dh8iyyll9/image/upload/v1699527181/m0jvsp00jiq5sj2rjfvp.jpg','2/45/13 tiên phước Tp HCM',NULL,NULL),(19,'Cup Coffee','https://res.cloudinary.com/dh8iyyll9/image/upload/v1699527302/pb1q9cfrku7ktbpn9rfh.jpg','5/13/16 Lê Hồng Phong Thủ Dầu Một',NULL,NULL),(20,'Quán nhậu tự do','https://res.cloudinary.com/dh8iyyll9/image/upload/v1699527655/nebzrullzq1s6erqesg7.webp','5/16/8 Nguyễn Bỉnh Khiêm Tp HCM',NULL,NULL),(21,'Bò tơ tây ninh','https://res.cloudinary.com/dh8iyyll9/image/upload/v1699525409/j4xulmpfrwl06imu4rpp.jpg','2/45/13',NULL,NULL),(22,'Mì cay seoul','https://res.cloudinary.com/dh8iyyll9/image/upload/v1699525409/j4xulmpfrwl06imu4rpp.jpg','5 Ngô Gia Tự TpHCM',NULL,NULL),(23,'Mì cay Naga','https://res.cloudinary.com/dh8iyyll9/image/upload/v1699525409/j4xulmpfrwl06imu4rpp.jpg','6 Ngô Gia Tự TPHCM',NULL,NULL),(24,'Mì cay Sasin','https://res.cloudinary.com/dh8iyyll9/image/upload/v1699525409/j4xulmpfrwl06imu4rpp.jpg','7 Ngô Gia Tự TPHCM',NULL,NULL),(25,'Trà Sữa thiên nhiên','https://res.cloudinary.com/dh8iyyll9/image/upload/v1699526701/w8gxkmdzpatgexgdof9f.jpg','7 Ngô Gia Tự TPHCM',NULL,NULL),(26,'Trà Sữa nhà làm','https://res.cloudinary.com/dh8iyyll9/image/upload/v1699526701/w8gxkmdzpatgexgdof9f.jpg','7 Ngô Gia Tự TPHCM',NULL,NULL),(27,'Trà Sữa Cute','https://res.cloudinary.com/dh8iyyll9/image/upload/v1699526701/w8gxkmdzpatgexgdof9f.jpg','7 Ngô Gia Tự TPHCM',NULL,NULL),(28,'Trà Sữa mẹ thỏ','https://res.cloudinary.com/dh8iyyll9/image/upload/v1699526701/w8gxkmdzpatgexgdof9f.jpg','7 Ngô Gia Tự TPHCM',NULL,NULL),(29,'Quán nhậu sợ vợ','https://res.cloudinary.com/dh8iyyll9/image/upload/v1699527655/nebzrullzq1s6erqesg7.webp','7 Ngô Gia Tự TPHCM',NULL,NULL),(30,'Quán nhậu Tây Đô','https://res.cloudinary.com/dh8iyyll9/image/upload/v1699527655/nebzrullzq1s6erqesg7.webp','7 Ngô Gia Tự TPHCM',NULL,NULL),(31,'Quán nhậu miền núi chất','https://res.cloudinary.com/dh8iyyll9/image/upload/v1699527655/nebzrullzq1s6erqesg7.webp','7 Ngô Gia Tự TPHCM',NULL,NULL),(32,'Quán nhậu miền Nam chất','https://res.cloudinary.com/dh8iyyll9/image/upload/v1699527655/nebzrullzq1s6erqesg7.webp','7 Ngô Gia Tự TPHCM',NULL,NULL),(33,'Quán nhậu miền Bắc chất','https://res.cloudinary.com/dh8iyyll9/image/upload/v1699527655/nebzrullzq1s6erqesg7.webp','7 Ngô Gia Tự TPHCM',NULL,NULL),(34,'Quán cà phê Gió','https://res.cloudinary.com/dh8iyyll9/image/upload/v1699527181/m0jvsp00jiq5sj2rjfvp.jpg','7 Ngô Gia Tự TPHCM',NULL,NULL),(35,'Quán cà phê Đất','https://res.cloudinary.com/dh8iyyll9/image/upload/v1699527181/m0jvsp00jiq5sj2rjfvp.jpg','7 Ngô Gia Tự TPHCM',NULL,NULL),(36,'Quán cà phê Nước','https://res.cloudinary.com/dh8iyyll9/image/upload/v1699527181/m0jvsp00jiq5sj2rjfvp.jpg','7 Ngô Gia Tự TPHCM',NULL,NULL),(37,'Quán cà phê Lửa','https://res.cloudinary.com/dh8iyyll9/image/upload/v1699527181/m0jvsp00jiq5sj2rjfvp.jpg','7 Ngô Gia Tự TPHCM',NULL,NULL),(38,'Bánh tráng trộn gỏi','https://res.cloudinary.com/dh8iyyll9/image/upload/v1699526003/m10kkebxiaskolp5c5si.jpg','7 Ngô Gia Tự TPHCM',NULL,NULL),(39,'Bánh tráng trộn đỉnh','https://res.cloudinary.com/dh8iyyll9/image/upload/v1699526003/m10kkebxiaskolp5c5si.jpg','7 Ngô Gia Tự TPHCM',NULL,NULL),(40,'Bánh tráng trộn xoài','https://res.cloudinary.com/dh8iyyll9/image/upload/v1699526003/m10kkebxiaskolp5c5si.jpg','7 Ngô Gia Tự TPHCM',NULL,NULL),(41,'Bánh tráng trộn múi','https://res.cloudinary.com/dh8iyyll9/image/upload/v1699526003/m10kkebxiaskolp5c5si.jpg','7 Ngô Gia Tự TPHCM',NULL,NULL),(42,'Bánh tráng trộn hành','https://res.cloudinary.com/dh8iyyll9/image/upload/v1699526003/m10kkebxiaskolp5c5si.jpg','7 Ngô Gia Tự TPHCM',NULL,NULL),(43,'Trà sữa Gỗ','https://images.foody.vn/res/g102/1013400/prof/s640x400/file_restaurant_photo_oowe_16146-6a83a1c0-210302183441.jpg','7 Ngô Gia Tự TPHCM',NULL,NULL),(44,'Trà Sữa Joy','https://images.foody.vn/res/g102/1013400/prof/s640x400/file_restaurant_photo_oowe_16146-6a83a1c0-210302183441.jpg','7 Ngô Gia Tự TPHCM',NULL,NULL),(45,'Trà Sữa cẩm thạch','https://images.foody.vn/res/g102/1013400/prof/s640x400/file_restaurant_photo_oowe_16146-6a83a1c0-210302183441.jpg','7 Ngô Gia Tự TPHCM',NULL,NULL),(46,'Trà Sữa Sen Đá','https://images.foody.vn/res/g102/1013400/prof/s640x400/file_restaurant_photo_oowe_16146-6a83a1c0-210302183441.jpg','7 Ngô Gia Tự TPHCM',NULL,NULL),(47,'Trà Sữa minima','https://images.foody.vn/res/g102/1013400/prof/s640x400/file_restaurant_photo_oowe_16146-6a83a1c0-210302183441.jpg','7 Ngô Gia Tự TPHCM',NULL,NULL),(48,'Trà Sữa Oni','https://images.foody.vn/res/g102/1013400/prof/s640x400/file_restaurant_photo_oowe_16146-6a83a1c0-210302183441.jpg','7 Ngô Gia Tự TPHCM',NULL,NULL),(49,'Cháo ếch Mỹ','https://res.cloudinary.com/dh8iyyll9/image/upload/v1694097407/uue6sbubui5y7t4yhoeg.jpg','7 Ngô Gia Tự TPHCM',NULL,NULL),(50,'Cháo ếch Thái Lan','https://res.cloudinary.com/dh8iyyll9/image/upload/v1694097407/uue6sbubui5y7t4yhoeg.jpg','7 Ngô Gia Tự TPHCM',NULL,NULL),(51,'Cháo ếch Campuchia','https://res.cloudinary.com/dh8iyyll9/image/upload/v1694097407/uue6sbubui5y7t4yhoeg.jpg','7 Ngô 7 Ngô Gia Tự TPHCM',NULL,NULL),(52,'Cháo ếch Việt Nam','https://res.cloudinary.com/dh8iyyll9/image/upload/v1694097407/uue6sbubui5y7t4yhoeg.jpg','7 Ngô Gia Tự TPHCM',NULL,NULL),(53,'Cháo ếch Lào','https://res.cloudinary.com/dh8iyyll9/image/upload/v1694097407/uue6sbubui5y7t4yhoeg.jpg','7 Ngô Gia Tự TPHCM',NULL,NULL),(54,'Cơm thịt heo nướng','https://images.foody.vn/res/g118/1176222/prof/s640x400/foody-upload-api-foody-mobile-co-cf6ad076-230705181639.jpg','7 Ngô Gia Tự TPHCM',NULL,NULL),(55,'Samsung A50','https://res.cloudinary.com/dh8iyyll9/image/upload/v1708858035/eptpafptiiihhckf6daz.jpg','123',NULL,NULL);
/*!40000 ALTER TABLE `stores` ENABLE KEYS */;
UNLOCK TABLES;

--
-- Table structure for table `users`
--

DROP TABLE IF EXISTS `users`;
/*!40101 SET @saved_cs_client     = @@character_set_client */;
/*!50503 SET character_set_client = utf8mb4 */;
CREATE TABLE `users` (
  `user_id` int NOT NULL AUTO_INCREMENT,
  `username` varchar(50) NOT NULL,
  `password` varchar(100) NOT NULL,
  `role` varchar(15) NOT NULL,
  `avatar` varchar(255) NOT NULL,
  `confirmed` tinyint(1) NOT NULL DEFAULT '0',
  `email` varchar(100) DEFAULT NULL,
  `phone` varchar(10) DEFAULT NULL,
  `firstName` varchar(50) NOT NULL,
  `lastName` varchar(50) NOT NULL,
  `address` varchar(255) DEFAULT NULL,
  `store_id` int DEFAULT NULL,
  PRIMARY KEY (`user_id`),
  UNIQUE KEY `username` (`username`),
  UNIQUE KEY `email` (`email`),
  KEY `FK_User_store_idx` (`store_id`),
  CONSTRAINT `FK_User_store` FOREIGN KEY (`store_id`) REFERENCES `stores` (`store_id`)
) ENGINE=InnoDB AUTO_INCREMENT=170 DEFAULT CHARSET=utf8mb4 COLLATE=utf8mb4_0900_ai_ci;
/*!40101 SET character_set_client = @saved_cs_client */;

--
-- Dumping data for table `users`
--

LOCK TABLES `users` WRITE;
/*!40000 ALTER TABLE `users` DISABLE KEYS */;
INSERT INTO `users` VALUES (1,'gau16','$2a$10$uYsGitqqUo4qR1uo10jQcO4FnWGUXQ2E0iDzwOVdPAIfp.Z3tVxEO','ROLE_STORE','https://res.cloudinary.com/dh8iyyll9/image/upload/v1699527576/memobjgnzzsgtnsord6b.png',0,'gau16@gmail.com','0934179579','Gau','Anh Tuan',NULL,2),(2,'gau17','$2a$10$65xOVIywhy6DizL4HFrk5ujGO1FZYLhD1JW73O6IGlLz56O0SHgy6','ROLE_USER','https://res.cloudinary.com/dh8iyyll9/image/upload/v1697198518/aviec0t5ev62pegejn4o.jpg',0,'gau17@gmail.com','0931852325','Tiến Phát','Nguyễn',NULL,NULL),(3,'gau18','$2a$10$65xOVIywhy6DizL4HFrk5ujGO1FZYLhD1JW73O6IGlLz56O0SHgy6','ROLE_STORE','https://res.cloudinary.com/dh8iyyll9/image/upload/v1694353074/nnovdczxuzxuemwsqbaf.jpg',0,'gau18@gmail.com','0931852325','Anh Chinh','Phạm',NULL,3),(4,'gau19','$2a$10$65xOVIywhy6DizL4HFrk5ujGO1FZYLhD1JW73O6IGlLz56O0SHgy6','ROLE_USER','https://res.cloudinary.com/dh8iyyll9/image/upload/v1697198518/aviec0t5ev62pegejn4o.jpg',0,'gau19@gmail.com','0931852325','Thiện Quỳnh Anh','Mai',NULL,NULL),(5,'gau20','$2a$10$65xOVIywhy6DizL4HFrk5ujGO1FZYLhD1JW73O6IGlLz56O0SHgy6','ROLE_STORE','https://res.cloudinary.com/dh8iyyll9/image/upload/v1694353074/nnovdczxuzxuemwsqbaf.jpg',0,'gau20@gmail.com','0931852325','Phúc Hoàng Tử','Tăng',NULL,4),(6,'gau21','$2a$10$65xOVIywhy6DizL4HFrk5ujGO1FZYLhD1JW73O6IGlLz56O0SHgy6','ROLE_USER','https://res.cloudinary.com/dh8iyyll9/image/upload/v1697198518/aviec0t5ev62pegejn4o.jpg',0,'gau21@gmail.com','0931852325','Huệ Bình','Quan',NULL,NULL),(7,'gau22','$2a$10$65xOVIywhy6DizL4HFrk5ujGO1FZYLhD1JW73O6IGlLz56O0SHgy6','ROLE_USER','https://res.cloudinary.com/dh8iyyll9/image/upload/v1697198518/aviec0t5ev62pegejn4o.jpg',0,'gau22@gmail.com','0931852325','Thanh Bình','Trần',NULL,NULL),(8,'gau23','$2a$10$65xOVIywhy6DizL4HFrk5ujGO1FZYLhD1JW73O6IGlLz56O0SHgy6','ROLE_STORE','https://res.cloudinary.com/dh8iyyll9/image/upload/v1694353074/nnovdczxuzxuemwsqbaf.jpg',0,'gau23@gmail.com','0931852325','Đỉnh Anh Minh','Thạch',NULL,5),(9,'gau24','$2a$10$65xOVIywhy6DizL4HFrk5ujGO1FZYLhD1JW73O6IGlLz56O0SHgy6','ROLE_USER','https://res.cloudinary.com/dh8iyyll9/image/upload/v1697198518/aviec0t5ev62pegejn4o.jpg',0,'gau24@gmail.com','0931852325','Thanh Tuấn','Dương',NULL,NULL),(10,'gau25','$2a$10$65xOVIywhy6DizL4HFrk5ujGO1FZYLhD1JW73O6IGlLz56O0SHgy6','ROLE_STORE','https://res.cloudinary.com/dh8iyyll9/image/upload/v1693927597/h3sw3wqfpbsvgueeihc7.jpg',0,'gau25@gmail.com','0931852325','Bội Bội','Tô',NULL,6),(11,'gau26','$2a$10$65xOVIywhy6DizL4HFrk5ujGO1FZYLhD1JW73O6IGlLz56O0SHgy6','ROLE_USER','https://res.cloudinary.com/dh8iyyll9/image/upload/v1697198518/aviec0t5ev62pegejn4o.jpg',0,'gau26@gmail.com','0931852325','Sa Trường Sa','Hoàng',NULL,NULL),(12,'gau27','$2a$10$65xOVIywhy6DizL4HFrk5ujGO1FZYLhD1JW73O6IGlLz56O0SHgy6','ROLE_STORE','https://res.cloudinary.com/dh8iyyll9/image/upload/v1694353074/nnovdczxuzxuemwsqbaf.jpg',0,'gau27@gmail.com','0931852325','Thị Như Ý','Huỳnh',NULL,7),(13,'gau28','$2a$10$65xOVIywhy6DizL4HFrk5ujGO1FZYLhD1JW73O6IGlLz56O0SHgy6','ROLE_USER','https://res.cloudinary.com/dh8iyyll9/image/upload/v1697198518/aviec0t5ev62pegejn4o.jpg',0,'gau28@gmail.com','0931852325','Đại Học','Đỗ',NULL,NULL),(14,'gau29','$2a$10$65xOVIywhy6DizL4HFrk5ujGO1FZYLhD1JW73O6IGlLz56O0SHgy6','ROLE_STORE','https://res.cloudinary.com/dh8iyyll9/image/upload/v1693927597/h3sw3wqfpbsvgueeihc7.jpg',0,'gau29@gmail.com','0931852325','Hoàng Nam','Ngô',NULL,8),(15,'gau30','$2a$10$65xOVIywhy6DizL4HFrk5ujGO1FZYLhD1JW73O6IGlLz56O0SHgy6','ROLE_USER','https://res.cloudinary.com/dh8iyyll9/image/upload/v1697198518/aviec0t5ev62pegejn4o.jpg',0,'gau30@gmail.com','0931852325','Trị An','Hồ',NULL,NULL),(16,'gau31','$2a$10$65xOVIywhy6DizL4HFrk5ujGO1FZYLhD1JW73O6IGlLz56O0SHgy6','ROLE_STORE','https://res.cloudinary.com/dh8iyyll9/image/upload/v1694353074/nnovdczxuzxuemwsqbaf.jpg',0,'gau31@gmail.com','0931852325','Đình Nghệ','Dương',NULL,9),(17,'gau32','$2a$10$65xOVIywhy6DizL4HFrk5ujGO1FZYLhD1JW73O6IGlLz56O0SHgy6','ROLE_USER','https://res.cloudinary.com/dh8iyyll9/image/upload/v1693927597/h3sw3wqfpbsvgueeihc7.jpg',0,'gau32@gmail.com','0931852325','Phu','Vũ',NULL,NULL),(18,'gau33','$2a$10$65xOVIywhy6DizL4HFrk5ujGO1FZYLhD1JW73O6IGlLz56O0SHgy6','ROLE_STORE','https://res.cloudinary.com/dh8iyyll9/image/upload/v1693927597/h3sw3wqfpbsvgueeihc7.jpg',0,'gau33@gmail.com','0931852325','Lực','Đinh',NULL,10),(19,'gau34','$2a$10$65xOVIywhy6DizL4HFrk5ujGO1FZYLhD1JW73O6IGlLz56O0SHgy6','ROLE_USER','https://res.cloudinary.com/dh8iyyll9/image/upload/v1694353074/nnovdczxuzxuemwsqbaf.jpg',0,'gau34@gmail.com','0931852325','Hoàn','Lê',NULL,NULL),(20,'gau35','$2a$10$65xOVIywhy6DizL4HFrk5ujGO1FZYLhD1JW73O6IGlLz56O0SHgy6','ROLE_STORE','https://res.cloudinary.com/dh8iyyll9/image/upload/v1697198518/aviec0t5ev62pegejn4o.jpg',0,'gau35@gmail.com','0931852325','Hoàng Minh','Phạm',NULL,11),(21,'gau36','$2a$10$65xOVIywhy6DizL4HFrk5ujGO1FZYLhD1JW73O6IGlLz56O0SHgy6','ROLE_USER','https://res.cloudinary.com/dh8iyyll9/image/upload/v1694353074/nnovdczxuzxuemwsqbaf.jpg',0,'gau36@gmail.com','0931852325','Châu','Bùi',NULL,NULL),(22,'gau37','$2a$10$65xOVIywhy6DizL4HFrk5ujGO1FZYLhD1JW73O6IGlLz56O0SHgy6','ROLE_STORE','https://res.cloudinary.com/dh8iyyll9/image/upload/v1697198518/aviec0t5ev62pegejn4o.jpg',0,'gau37@gmail.com','0931852325','Anh Phúc','Trương',NULL,12),(23,'gau38','$2a$10$G55ouGrwodlB/qDKbe4jo.7n0QNMEJs8STMf1ftx1axPBr9qCLCtC','ROLE_USER','https://res.cloudinary.com/dh8iyyll9/image/upload/v1699527576/memobjgnzzsgtnsord6b.png',0,'gau38@gmail.com','0934179579','Thị Mỹ Liên','Tăng',NULL,NULL),(24,'tu7777','$2a$10$5iGgZTIJlPwIJqMXvA9zsO8tp2Lr3kOfFoGtQgSJ2gU2pnLD0ugWq','ROLE_STORE','https://res.cloudinary.com/dh8iyyll9/image/upload/v1693807297/ow2rkp4n1rskrcegy12z.jpg',0,'hoangtu230302@gmail.com','0792193002','Tăng','Tú',NULL,13),(25,'binh','$2a$10$12j.ZRh6l8infERP9wNGuOgbV5xsjPfhSG2RKR1o8EfOSfr4qc.rW','ROLE_USER','https://res.cloudinary.com/dh8iyyll9/image/upload/v1693808198/kcyvggsusqqckydh7rdy.png',0,'1@gmail.com','1','1','1',NULL,NULL),(26,'tai8888','$2a$10$qTdHjZYGFmDtvZh8tidpv.Ntidd/VkWsQxfEp9Ohv3UXaYjlgt5sK','ROLE_USER','https://res.cloudinary.com/dh8iyyll9/image/upload/v1693927597/h3sw3wqfpbsvgueeihc7.jpg',0,'tai8888@gmail.com','0792193003','tai','hoang',NULL,NULL),(27,'docongson','$2a$10$/Y3cenlw4NBNBu3wZI95Yefv7nz4fidVFpktfskxeg5ZLisgYm9Ia','ROLE_USER','https://res.cloudinary.com/dh8iyyll9/image/upload/v1694350392/gbwwdame1mzyyi1jflgz.jpg',0,'kaupekute@gmail.com','0792193003','Tú Tăng','Hoàng',NULL,NULL),(28,'tu8888','$2a$10$ZcR4SjExPBVPxLO/7eN50O/qZ.3znrHpDE7JU8TVex/CEe2wjATKu','ROLE_USER','https://res.cloudinary.com/dh8iyyll9/image/upload/v1694353074/nnovdczxuzxuemwsqbaf.jpg',0,'kaupekute3@gmail.com','0792193006','Tú Tăng','Hoàng',NULL,NULL),(29,'anhtuanvo2209','$2a$10$65xOVIywhy6DizL4HFrk5ujGO1FZYLhD1JW73O6IGlLz56O0SHgy6','ROLE_ADMIN','https://res.cloudinary.com/dh8iyyll9/image/upload/v1697198518/aviec0t5ev62pegejn4o.jpg',0,'anhtuanvo2209@gmail.com','0934179579','Anh Tuan','Huu Vo',NULL,NULL),(30,'gau39','$2a$10$G55ouGrwodlB/qDKbe4jo.7n0QNMEJs8STMf1ftx1axPBr9qCLCtC','ROLE_STORE','https://res.cloudinary.com/dh8iyyll9/image/upload/v1699526678/snoof20mvux3x3oqsfvm.jpg',0,'gau39@gmail.com','0934179579','Diệu Quỳnh','Phạm',NULL,14),(31,'gauu1','$2a$10$CSNpIOGOiNuRlJdvTIxQse6fCG7qFC.tVK4la4csG0YE4gjkPlo2u','ROLE_USER','https://res.cloudinary.com/dh8iyyll9/image/upload/v1698922708/gsendbpbtx4gpols9hjb.jpg',0,'anhtuanvo2204@gmail.com','0934179579','Anh Tuan','Huu Vo',NULL,NULL),(32,'gauu2','$2a$10$R.kqx5PsOpHvGit5R3H1b.IGBsYx98YFPFbwOKYEpo6P0peZyvc/O','ROLE_USER','https://res.cloudinary.com/dh8iyyll9/image/upload/v1698997354/pgkqungma6ninzgqmtak.jpg',0,'anhtuanvo2203@gmail.com','0934179579','Anh Tuan','Huu Vo',NULL,NULL),(33,'gauu4','$2a$10$cGgg8vQV4lVE8nEW/eCj3O/KQOacAwp43uhB2/Q/AzthhgSb9PwVS','ROLE_USER','https://res.cloudinary.com/dh8iyyll9/image/upload/v1699279661/lyvyxksjxfhouptscqxj.jpg',0,'anhtuanvo2252@gmail.com','0934179579','Anh Tuan','Huu Vo',NULL,NULL),(34,'gau40','$2a$10$G55ouGrwodlB/qDKbe4jo.7n0QNMEJs8STMf1ftx1axPBr9qCLCtC','ROLE_USER','https://res.cloudinary.com/dh8iyyll9/image/upload/v1699527081/krfws4ztk6cqhn96z6wq.jpg',0,'gau40@gmail.com','0934179579','Sài Ủ','Ngô',NULL,NULL),(35,'anhtuan2209','$2a$10$Dy7DPIiSGKSYg5ERRCgbJ.Lj30W3ZzMI7JPGVJ9nPQh1YzKKyq1Qi','ROLE_USER','https://res.cloudinary.com/dh8iyyll9/image/upload/v1699279813/jrfqdlwqpszqkm5ixxsz.jpg',0,'sd@gmail.com','0931852325','Gauuuuuuuu','Vo',NULL,NULL),(36,'gau1','$2a$10$UqoBYOBXuT4UAUE3Aas4CO.kcOE0tMgLarb49YPAZBTICOGT4UpPq','ROLE_USER','https://res.cloudinary.com/dh8iyyll9/image/upload/v1699371908/vmjzcetqvkbswth0r2j5.jpg',0,'a@gmail.com','09','lúa','gạo',NULL,NULL),(37,'gau2','$2a$10$hxznFPcorpFKtK0iM9klkeyVmU8gcf70SW1bh1/XicBdimjQkhqha','ROLE_USER','https://res.cloudinary.com/dh8iyyll9/image/upload/v1699372210/m8q0b45keefsmzxo1k44.jpg',0,'b@gmail.com','01','gạo2k','hihi',NULL,NULL),(38,'hiuhanh','$2a$10$7nxWpBfNzUg/j9A193DxT.cC6/0ZBGbpP.91HnrN7x8fTCyFgg4Hi','ROLE_USER','https://res.cloudinary.com/dh8iyyll9/image/upload/v1699470383/wskoazysrdrjzsmzten6.jpg',0,'mailuuhieuhanh2307@gmail.com','0866792373','Hieu Hanh','Mai Luu',NULL,NULL),(39,'gau5','$2a$10$DPSPBYnowm4IK9RSuyuCIeYqWLt70fnVxEp4.1S4OTZfp1a0K764S','ROLE_STORE','https://res.cloudinary.com/dh8iyyll9/image/upload/v1699525117/bnpxk33wgj8pj7l7ogzj.jpg',0,'gau5@gmail.com','0934179579','Gấu Võ','Võ Tuấn',NULL,15),(40,'gau41','$2a$10$HX98BV/2rfQSMLjyqI4EAeruQdcia7iwfF5.Yeci6S8I7fzAcikdy','ROLE_USER','https://res.cloudinary.com/dh8iyyll9/image/upload/v1699527273/xqlmppcydjdraoiiut8z.jpg',0,'gau41@gmail.com','0934179579','Thị Minh Khai','Nguyễn',NULL,NULL),(41,'gau6','$2a$10$d5AGRziEysUZrz6qsEs.feemWdLjwHCtsmkNXoLdtIkHrHZVkjUKC','ROLE_STORE','https://res.cloudinary.com/dh8iyyll9/image/upload/v1699525275/iruc6gzgqposaphztca7.jpg',0,'anhtuanvo2291@gmail.com','0934179579','Anh Tuan','Huu Vo',NULL,16),(42,'gau8','$2a$10$qfUgi4eGAVSTiVp5WLWecOf1uJ35f2ERNeiHiKCXShdJ3x76X7zm2','ROLE_STORE','https://res.cloudinary.com/dh8iyyll9/image/upload/v1699525900/wnaemf2jdumzp5ikpzcm.jpg',0,'gau8@gmail.com','0934179579','gau','gau',NULL,17),(43,'gau9','$2a$10$.Yr4jjdm2bbvWJ1ypNMShOElsp.TYSBDGSwlJ3rT.HZ2WQw3XLVgy','ROLE_STORE','https://res.cloudinary.com/dh8iyyll9/image/upload/v1699526292/v3b9czhrpmomlfpryizu.jpg',0,'gau9@gmail.com','09','gau9','vo tuan',NULL,18),(44,'gau10','$2a$10$XhliKucK.2ViRU3HUx43uOUO/AMSHrZhiAz9eFcr6ZVtS7VQagAUO','ROLE_STORE','https://res.cloudinary.com/dh8iyyll9/image/upload/v1699526678/snoof20mvux3x3oqsfvm.jpg',0,'gau10@gmail.com','0931852325','Gauuuuuuuu','Vo',NULL,19),(45,'gau11','$2a$10$HX98BV/2rfQSMLjyqI4EAeruQdcia7iwfF5.Yeci6S8I7fzAcikdy','ROLE_USER','https://res.cloudinary.com/dh8iyyll9/image/upload/v1699527081/krfws4ztk6cqhn96z6wq.jpg',0,'anhtuanvo2211@gmail.com','0934179579','Anh Tuan','Huu Vo',NULL,NULL),(46,'gau12','$2a$10$ErSHaPKrZWc86Qz87410neu264EkCiw7QDolNHBHaZt7rDIocycRG','ROLE_USER','https://res.cloudinary.com/dh8iyyll9/image/upload/v1699527094/mts56v3mmnudidr2laea.jpg',0,'anhtuanvo2212@gmail.com','0934179579','Anh Tuan','Huu Vo',NULL,NULL),(47,'gau13','$2a$10$HMMC2MgBQQO/MB8TYyc2UOGz7V/uFOsamBhv4FHjOXXlfNDxWrfKm','ROLE_USER','https://res.cloudinary.com/dh8iyyll9/image/upload/v1699527112/qbez2rwebjwlgadvzjjp.jpg',0,'anhtuanvo2213@gmail.com','0934179579','Anh Tuan','Huu Vo',NULL,NULL),(48,'gau7','$2a$10$ofrVw7gPF8AJ41NCxWuRdus0PvdeGI4EnqWDdn2y9iFsvZobBiDpO','ROLE_STORE','https://res.cloudinary.com/dh8iyyll9/image/upload/v1699527159/kv95lyzg6hs6gxnzrkut.jpg',0,'anhtuanvo2207@gmail.com','0934179579','Anh Tuan','Huu Vo',NULL,20),(49,'gau14','$2a$10$G55ouGrwodlB/qDKbe4jo.7n0QNMEJs8STMf1ftx1axPBr9qCLCtC','ROLE_STORE','https://res.cloudinary.com/dh8iyyll9/image/upload/v1699527273/xqlmppcydjdraoiiut8z.jpg',0,'gau13@gmail.com','0934179579','Gấu Võ','Võ Tuấn',NULL,1),(50,'gau15','$2a$10$uYsGitqqUo4qR1uo10jQcO4FnWGUXQ2E0iDzwOVdPAIfp.Z3tVxEO','ROLE_STORE','https://res.cloudinary.com/dh8iyyll9/image/upload/v1699527576/memobjgnzzsgtnsord6b.png',0,'anhtuanvo2215@gmail.com','0934179579','Anh Tuan','Vo',NULL,21),(51,'anhtuan1','$2a$10$OAX4PKkRXakdTqRr8W0GiO/gu.NBVzSzpKofBWE6wTg0xJvRm0S1.','ROLE_STORE','https://res.cloudinary.com/dh8iyyll9/image/upload/v1716197402/gmzdwxnffrvqsu24crok.jpg',0,'anhtuanvo1@gmail.com','0934179573','Võ','Tuấn',NULL,22),(52,'anhtuan2','$2a$10$PVKD6y45qtuLtOpS2.m9fO7KzHMwtte6v8TJVGZpZ2Kyn.jWEA1ZK','ROLE_STORE','https://res.cloudinary.com/dh8iyyll9/image/upload/v1716197418/i7ghvnc3ana0gvn9sqnw.jpg',0,'anhtuanvo2@gmail.com','0934179573','Võ','Tuấn',NULL,23),(53,'anhtuan3','$2a$10$6DwBbw4fVIHqon7liQc6N.P8MsdBa8wWQwrTqnYj7m/dJhujJdwNe','ROLE_STORE','https://res.cloudinary.com/dh8iyyll9/image/upload/v1716197442/kdkftjtzffughutiqqjz.jpg',0,'anhtuanvo3@gmail.com','0934179573','Võ','Tuấn',NULL,24),(54,'anhtuan4','$2a$10$b/m74rs.CWYghaBtXXI37.cMJ8EmCgLGex0AgPToRGabZeJRQCDmG','ROLE_STORE','https://res.cloudinary.com/dh8iyyll9/image/upload/v1716197456/tms0mzyfc89jwsv2adav.jpg',0,'anhtuanvo4@gmail.com','0934179573','Võ','Tuấn',NULL,25),(82,'anhtuan5','$2a$10$VrOdF6kFgIg80m9VqdBQ8.B9vjNU8uLPqMqW4/46pcG80SOBa3kpS','ROLE_STORE','https://res.cloudinary.com/dh8iyyll9/image/upload/v1716197527/bdouh85ykggqkotjcqie.jpg',0,'anhtuanvo5@gmail.com','0934179573','Võ','Tuấn',NULL,26),(141,'hoangtai1','$2a$10$6DwBbw4fVIHqon7liQc6N.P8MsdBa8wWQwrTqnYj7m/dJhujJdwNe','ROLE_STORE','https://res.cloudinary.com/dh8iyyll9/image/upload/v1716197456/tms0mzyfc89jwsv2adav.jpg',0,'hoangtai1@gmail.com','0934179123','Gauuuuuuuu','hihi',NULL,27),(142,'hoangtai2','$2a$10$6DwBbw4fVIHqon7liQc6N.P8MsdBa8wWQwrTqnYj7m/dJhujJdwNe','ROLE_STORE','https://res.cloudinary.com/dh8iyyll9/image/upload/v1699527159/kv95lyzg6hs6gxnzrkut.jpg',0,'hoangtai2@gmail.com','0934179542','Gauuuuuuuu','hihi',NULL,28),(143,'hoangtai3','$2a$10$6DwBbw4fVIHqon7liQc6N.P8MsdBa8wWQwrTqnYj7m/dJhujJdwNe','ROLE_STORE','https://res.cloudinary.com/dh8iyyll9/image/upload/v1716197456/tms0mzyfc89jwsv2adav.jpg',0,'hoangtai3@gmail.com','0934179645','Gauuuuuuuu','hihi',NULL,29),(144,'hoangtai4','$2a$10$6DwBbw4fVIHqon7liQc6N.P8MsdBa8wWQwrTqnYj7m/dJhujJdwNe','ROLE_STORE','https://res.cloudinary.com/dh8iyyll9/image/upload/v1699527159/kv95lyzg6hs6gxnzrkut.jpg',0,'hoangtai4@gmail.com','0934179256','Gauuuuuuuu','hihi',NULL,30),(145,'hoangtai5','$2a$10$6DwBbw4fVIHqon7liQc6N.P8MsdBa8wWQwrTqnYj7m/dJhujJdwNe','ROLE_STORE','https://res.cloudinary.com/dh8iyyll9/image/upload/v1699527159/kv95lyzg6hs6gxnzrkut.jpg',0,'hoangtai5@gmail.com','0934179753','Tài','Tú',NULL,31),(146,'hoangtai6','$2a$10$6DwBbw4fVIHqon7liQc6N.P8MsdBa8wWQwrTqnYj7m/dJhujJdwNe','ROLE_STORE','https://res.cloudinary.com/dh8iyyll9/image/upload/v1716197456/tms0mzyfc89jwsv2adav.jpg',0,'hoangtai16@gmail.com','0934179985','Gauuuuuuuu','hihi',NULL,32),(147,'hoangtai7','$2a$10$6DwBbw4fVIHqon7liQc6N.P8MsdBa8wWQwrTqnYj7m/dJhujJdwNe','ROLE_STORE','https://res.cloudinary.com/dh8iyyll9/image/upload/v1699527159/kv95lyzg6hs6gxnzrkut.jpg',0,'hoangtai17@gmail.com','0934179532','Gauuuuuuuu','hihi',NULL,33),(148,'hoangtai8','$2a$10$6DwBbw4fVIHqon7liQc6N.P8MsdBa8wWQwrTqnYj7m/dJhujJdwNe','ROLE_STORE','https://res.cloudinary.com/dh8iyyll9/image/upload/v1699527159/kv95lyzg6hs6gxnzrkut.jpg',0,'hoangtai18@gmail.com','0934179842','Gauuuuuuuu','hihi',NULL,34),(149,'hoangtai9','$2a$10$6DwBbw4fVIHqon7liQc6N.P8MsdBa8wWQwrTqnYj7m/dJhujJdwNe','ROLE_STORE','https://res.cloudinary.com/dh8iyyll9/image/upload/v1699527159/kv95lyzg6hs6gxnzrkut.jpg',0,'hoangtai19@gmail.com','0934179637','Gauuuuuuuu','hihi',NULL,35),(150,'hoangtai10','$2a$10$6DwBbw4fVIHqon7liQc6N.P8MsdBa8wWQwrTqnYj7m/dJhujJdwNe','ROLE_STORE','https://res.cloudinary.com/dh8iyyll9/image/upload/v1716197456/tms0mzyfc89jwsv2adav.jpg',0,'hoangtai10@gmail.com','0934179256','Gauuuuuuuu','hihi',NULL,36),(151,'hieuhanh1','$2a$10$6DwBbw4fVIHqon7liQc6N.P8MsdBa8wWQwrTqnYj7m/dJhujJdwNe','ROLE_STORE','https://res.cloudinary.com/dh8iyyll9/image/upload/v1716197456/tms0mzyfc89jwsv2adav.jpg',0,'hieuhanh11@gmail.com','0934179253','Gauuuuuuuu','hihi',NULL,37),(152,'hieuhanh2','$2a$10$6DwBbw4fVIHqon7liQc6N.P8MsdBa8wWQwrTqnYj7m/dJhujJdwNe','ROLE_STORE','https://res.cloudinary.com/dh8iyyll9/image/upload/v1699527159/kv95lyzg6hs6gxnzrkut.jpg',0,'hieuhanh12@gmail.com','0934179256','Gauuuuuuuu','hihi',NULL,38),(153,'hieuhanh3','$2a$10$6DwBbw4fVIHqon7liQc6N.P8MsdBa8wWQwrTqnYj7m/dJhujJdwNe','ROLE_STORE','https://res.cloudinary.com/dh8iyyll9/image/upload/v1699527159/kv95lyzg6hs6gxnzrkut.jpg',0,'hieuhanh13@gmail.com','0934179236','Gauuuuuuuu','hihi',NULL,39),(154,'hieuhanh4','$2a$10$6DwBbw4fVIHqon7liQc6N.P8MsdBa8wWQwrTqnYj7m/dJhujJdwNe','ROLE_STORE','https://res.cloudinary.com/dh8iyyll9/image/upload/v1699527159/kv95lyzg6hs6gxnzrkut.jpg',0,'hieuhanh14@gmail.com','0934179256','Gauuuuuuuu','hihi',NULL,40),(155,'hieuhanh5','$2a$10$6DwBbw4fVIHqon7liQc6N.P8MsdBa8wWQwrTqnYj7m/dJhujJdwNe','ROLE_STORE','https://res.cloudinary.com/dh8iyyll9/image/upload/v1699527159/kv95lyzg6hs6gxnzrkut.jpg',0,'hieuhanh15@gmail.com','0934179632','Gauuuuuuuu','hihi',NULL,41),(156,'hieuhanh6','$2a$10$6DwBbw4fVIHqon7liQc6N.P8MsdBa8wWQwrTqnYj7m/dJhujJdwNe','ROLE_STORE','https://res.cloudinary.com/dh8iyyll9/image/upload/v1716197456/tms0mzyfc89jwsv2adav.jpg',0,'hieuhanh16@gmail.com','0934179261','Gauuuuuuuu','hihi',NULL,42),(157,'hieuhanh7','$2a$10$6DwBbw4fVIHqon7liQc6N.P8MsdBa8wWQwrTqnYj7m/dJhujJdwNe','ROLE_STORE','https://res.cloudinary.com/dh8iyyll9/image/upload/v1699527159/kv95lyzg6hs6gxnzrkut.jpg',0,'hieuhanh17@gmail.com','0934179632','Gauuuuuuuu','hihi',NULL,43),(158,'hieuhanh8','$2a$10$6DwBbw4fVIHqon7liQc6N.P8MsdBa8wWQwrTqnYj7m/dJhujJdwNe','ROLE_STORE','https://res.cloudinary.com/dh8iyyll9/image/upload/v1716197456/tms0mzyfc89jwsv2adav.jpg',0,'hieuhanh18@gmail.com','0934179263','Gauuuuuuuu','hihi',NULL,44),(159,'hieuhanh9','$2a$10$6DwBbw4fVIHqon7liQc6N.P8MsdBa8wWQwrTqnYj7m/dJhujJdwNe','ROLE_STORE','https://res.cloudinary.com/dh8iyyll9/image/upload/v1699527159/kv95lyzg6hs6gxnzrkut.jpg',0,'hieuhanh19@gmail.com','0934179125','Gauuuuuuuu','hihi',NULL,45),(160,'hieuhanh10','$2a$10$6DwBbw4fVIHqon7liQc6N.P8MsdBa8wWQwrTqnYj7m/dJhujJdwNe','ROLE_STORE','https://res.cloudinary.com/dh8iyyll9/image/upload/v1699527159/kv95lyzg6hs6gxnzrkut.jpg',0,'hieuhanh10@gmail.com','0934179623','Gauuuuuuuu','hihi',NULL,46),(161,'huyhoang1','$2a$10$6DwBbw4fVIHqon7liQc6N.P8MsdBa8wWQwrTqnYj7m/dJhujJdwNe','ROLE_STORE','https://res.cloudinary.com/dh8iyyll9/image/upload/v1699527159/kv95lyzg6hs6gxnzrkut.jpg',0,'huyhoang11@gmail.com','0934179634','Gauuuuuuuu','hihi',NULL,47),(162,'huyhoang2','$2a$10$6DwBbw4fVIHqon7liQc6N.P8MsdBa8wWQwrTqnYj7m/dJhujJdwNe','ROLE_STORE','https://res.cloudinary.com/dh8iyyll9/image/upload/v1699527159/kv95lyzg6hs6gxnzrkut.jpg',0,'huyhoang12@gmail.com','0934179245','Gauuuuuuuu','hihi',NULL,48),(163,'huyhoang3','$2a$10$6DwBbw4fVIHqon7liQc6N.P8MsdBa8wWQwrTqnYj7m/dJhujJdwNe','ROLE_STORE','https://res.cloudinary.com/dh8iyyll9/image/upload/v1699527159/kv95lyzg6hs6gxnzrkut.jpg',0,'huyhoang13@gmail.com','0934179634','Gauuuuuuuu','hihi',NULL,49),(164,'huyhoang4','$2a$10$6DwBbw4fVIHqon7liQc6N.P8MsdBa8wWQwrTqnYj7m/dJhujJdwNe','ROLE_STORE','https://res.cloudinary.com/dh8iyyll9/image/upload/v1699527159/kv95lyzg6hs6gxnzrkut.jpg',0,'huyhoang14@gmail.com','0934179634','Gauuuuuuuu','hihi',NULL,50),(165,'huyhoang5','$2a$10$6DwBbw4fVIHqon7liQc6N.P8MsdBa8wWQwrTqnYj7m/dJhujJdwNe','ROLE_STORE','https://res.cloudinary.com/dh8iyyll9/image/upload/v1716197456/tms0mzyfc89jwsv2adav.jpg',0,'huyhoang15@gmail.com','0934179534','Gauuuuuuuu','hihi',NULL,51),(166,'huyhoang6','$2a$10$6DwBbw4fVIHqon7liQc6N.P8MsdBa8wWQwrTqnYj7m/dJhujJdwNe','ROLE_STORE','https://res.cloudinary.com/dh8iyyll9/image/upload/v1716197456/tms0mzyfc89jwsv2adav.jpg',0,'huyhoang16@gmail.com','0934179532','Gauuuuuuuu','hihi',NULL,52),(167,'huyhoang7','$2a$10$6DwBbw4fVIHqon7liQc6N.P8MsdBa8wWQwrTqnYj7m/dJhujJdwNe','ROLE_STORE','https://res.cloudinary.com/dh8iyyll9/image/upload/v1699527159/kv95lyzg6hs6gxnzrkut.jpg',0,'huyhoang17@gmail.com','0934179634','Gauuuuuuuu','hihi',NULL,53),(168,'huyhoang8','$2a$10$6DwBbw4fVIHqon7liQc6N.P8MsdBa8wWQwrTqnYj7m/dJhujJdwNe','ROLE_STORE','https://res.cloudinary.com/dh8iyyll9/image/upload/v1699526292/v3b9czhrpmomlfpryizu.jpg',0,'huyhoang18@gmail.com','0934179634','Gauuuuuuuu','hihi',NULL,54),(169,'huyhoang9','$2a$10$6DwBbw4fVIHqon7liQc6N.P8MsdBa8wWQwrTqnYj7m/dJhujJdwNe','ROLE_STORE','https://res.cloudinary.com/dh8iyyll9/image/upload/v1699526292/v3b9czhrpmomlfpryizu.jpg',0,'huyhoang19@gmail.com','0934179634','Gauuuuuuuu','hihi',NULL,55);
/*!40000 ALTER TABLE `users` ENABLE KEYS */;
UNLOCK TABLES;

--
-- Dumping events for database 'fooddb'
--

--
-- Dumping routines for database 'fooddb'
--
/*!40103 SET TIME_ZONE=@OLD_TIME_ZONE */;

/*!40101 SET SQL_MODE=@OLD_SQL_MODE */;
/*!40014 SET FOREIGN_KEY_CHECKS=@OLD_FOREIGN_KEY_CHECKS */;
/*!40014 SET UNIQUE_CHECKS=@OLD_UNIQUE_CHECKS */;
/*!40101 SET CHARACTER_SET_CLIENT=@OLD_CHARACTER_SET_CLIENT */;
/*!40101 SET CHARACTER_SET_RESULTS=@OLD_CHARACTER_SET_RESULTS */;
/*!40101 SET COLLATION_CONNECTION=@OLD_COLLATION_CONNECTION */;
/*!40111 SET SQL_NOTES=@OLD_SQL_NOTES */;

-- Dump completed on 2024-05-20 17:09:26
